experiment,game,method,seed,success,final_reward_mean,final_coop_min,final_coop_mean
ablation,stag_hunt,standard_pg,0,0,1.993044907536355,0.007096462137834387,0.007106603599247842
ablation,stag_hunt,standard_pg,1,0,1.9929488101436794,0.007043611443233074,0.00720692932919304
ablation,stag_hunt,standard_pg,2,1,3.9000061493768086,0.9795571782623662,0.979755345823967
ablation,stag_hunt,standard_pg,3,1,3.9233369190890706,0.9841737510132919,0.9845237487043446
ablation,stag_hunt,standard_pg,4,1,3.9262807178741355,0.9851139693037957,0.9851233548857676
ablation,stag_hunt,standard_pg,5,1,3.939349620215885,0.9870911766042259,0.9877806213143032
ablation,stag_hunt,standard_pg,6,0,1.9918303064375058,0.008359799261739256,0.0083803848414694
ablation,stag_hunt,standard_pg,7,0,1.9928194027393453,0.007330585671697963,0.007342326105039737
ablation,stag_hunt,standard_pg,8,0,1.9930205336230569,0.007000456022804481,0.0071320112082671125
ablation,stag_hunt,standard_pg,9,0,1.9930704105268866,0.006899843581222328,0.007079865746123253
ablation,stag_hunt,standard_pg,10,1,3.9289247480045377,0.9853885504585417,0.985661641228696
ablation,stag_hunt,standard_pg,11,0,1.9933316340563068,0.006515288111242445,0.006807121138737568
ablation,stag_hunt,standard_pg,12,0,1.9923357077350146,0.007819517635867017,0.007849115478262211
ablation,stag_hunt,standard_pg,13,1,3.9345446049398163,0.9842345562036127,0.9868084864400797
ablation,stag_hunt,standard_pg,14,0,1.9934568510381938,0.006500335457936651,0.006676794294808656
ablation,stag_hunt,standard_pg,15,0,1.9933022473783713,0.006607082915241072,0.006837861911349672
ablation,stag_hunt,standard_pg,16,0,1.9925560569171488,0.007517136763718503,0.0076180150117460335
ablation,stag_hunt,standard_pg,17,0,1.992468292233494,0.007635539238773182,0.00771002455839042
ablation,stag_hunt,standard_pg,18,0,1.9919650901632622,0.008208287148919864,0.008238527078654814
ablation,stag_hunt,standard_pg,19,0,1.9929183787095375,0.007212340729675373,0.007238820765093057
ablation,stag_hunt,standard_pg,20,0,1.9925359149084845,0.007593918257977924,0.0076391487342808715
ablation,stag_hunt,standard_pg,21,1,3.9055333216869927,0.9806961078322307,0.9808875140476344
ablation,stag_hunt,standard_pg,22,1,3.8823455789037578,0.9759456589519412,0.9761271888863408
ablation,stag_hunt,standard_pg,23,0,1.9926846384333285,0.007410822679928155,0.007483347245210965
ablation,stag_hunt,standard_pg,24,0,1.9921321088118789,0.008032959194524314,0.008062920558888144
ablation,stag_hunt,standard_pg,25,0,1.9924840109816975,0.007685750304081001,0.007693561500965245
ablation,stag_hunt,standard_pg,26,0,1.9925548095930838,0.007606033642942215,0.007619353518791857
ablation,stag_hunt,standard_pg,27,0,1.9922734811274345,0.007865143232460554,0.007914426003065012
ablation,stag_hunt,standard_pg,28,0,1.9915839267452267,0.008626340692258332,0.008640022668310692
ablation,stag_hunt,standard_pg,29,1,3.922933455876497,0.9840563603782881,0.9844415408021072
ablation,stag_hunt,standard_pg,30,0,1.9931074891563094,0.006989491063360007,0.00704123999169806
ablation,stag_hunt,standard_pg,31,0,1.992466544381767,0.007675012276311068,0.007711870376799927
ablation,stag_hunt,standard_pg,32,0,1.9923223778861145,0.007826655770538524,0.007863103309587876
ablation,stag_hunt,standard_pg,33,1,3.900741715028054,0.9789935495571777,0.979906596274223
ablation,stag_hunt,standard_pg,34,1,3.9241500121580293,0.9837551271211386,0.984689886960409
ablation,stag_hunt,standard_pg,35,0,1.99242184407242,0.007718353895382311,0.007758745424856073
ablation,stag_hunt,standard_pg,36,0,1.99265538574325,0.007475344834368927,0.007513989909504736
ablation,stag_hunt,standard_pg,37,0,1.9912561081357847,0.008984273570338057,0.00898614421740547
ablation,stag_hunt,standard_pg,38,0,1.9926890618306543,0.007319864387062779,0.007478653292818485
ablation,stag_hunt,standard_pg,39,0,1.9917781240717358,0.008425619241141925,0.008435340555620214
ablation,stag_hunt,standard_pg,40,0,1.9794119928187022,0.022032910665235113,0.022046097966187197
ablation,stag_hunt,standard_pg,41,0,1.9933156112340957,0.0067753471455571515,0.006824086092440449
ablation,stag_hunt,standard_pg,42,0,1.9933659779173674,0.006665871717235119,0.006771550257438228
ablation,stag_hunt,standard_pg,43,0,1.99286366544602,0.007283309543681836,0.007296030240335542
ablation,stag_hunt,standard_pg,44,0,1.9930468514375592,0.007078773379211716,0.007104571368836573
ablation,stag_hunt,standard_pg,45,0,1.992788572533415,0.007350877873637338,0.007374579028911907
ablation,stag_hunt,standard_pg,46,0,1.9911921086478923,0.009046169691263269,0.009053805351210881
ablation,stag_hunt,standard_pg,47,0,1.9920253831249337,0.00816181932205175,0.008175113801856636
ablation,stag_hunt,standard_pg,48,0,1.9931286516280473,0.0068696394277658526,0.007019083991144346
ablation,stag_hunt,standard_pg,49,1,3.9321907526163273,0.9859483457723202,0.986326049973955
ablation,stag_hunt,standard_pg,50,0,1.992749017980206,0.007408790476516148,0.007415971777285198
ablation,stag_hunt,standard_pg,51,0,1.992717636113969,0.0074069140722056205,0.007448813067811063
ablation,stag_hunt,standard_pg,52,0,1.9933897434179013,0.006728976263649172,0.006746814130254674
ablation,stag_hunt,standard_pg,53,0,1.9924050582524926,0.00776170779273813,0.007776356253520333
ablation,stag_hunt,standard_pg,54,0,1.9929639410250823,0.0071783180096785205,0.007191198484111456
ablation,stag_hunt,standard_pg,55,0,1.9926115053187086,0.007465405286912638,0.00755992529038715
ablation,stag_hunt,standard_pg,56,0,1.9935989731555983,0.006291390259894843,0.006528730831574346
ablation,stag_hunt,standard_pg,57,1,3.9327076249553414,0.9860102796588485,0.986431163278903
ablation,stag_hunt,standard_pg,58,1,3.9073457722778806,0.9810488801981524,0.9812584330028988
ablation,stag_hunt,standard_pg,59,1,3.8879371967631227,0.976841025232631,0.9772777740716707
ablation,stag_hunt,standard_pg,60,0,1.9932397401929904,0.006703288264963669,0.006903098334672189
ablation,stag_hunt,standard_pg,61,1,3.9355385568947376,0.9858020317101862,0.987007296775018
ablation,stag_hunt,standard_pg,62,0,1.993502670626564,0.006241956103487933,0.006628699638440892
ablation,stag_hunt,standard_pg,63,1,3.9261195207320627,0.9835611755981087,0.985091960339659
ablation,stag_hunt,standard_pg,64,1,3.904355928899968,0.9802849113124922,0.9806465301640963
ablation,stag_hunt,standard_pg,65,0,1.992104322526297,0.008091487047835248,0.008092124930136984
ablation,stag_hunt,standard_pg,66,0,1.9923216704104139,0.007851013754458585,0.007863849481312848
ablation,stag_hunt,standard_pg,67,1,3.9250953730532103,0.9843204388272517,0.9848821339878575
ablation,stag_hunt,standard_pg,68,0,1.9925092368469346,0.007633656905071096,0.007667113692098234
ablation,stag_hunt,standard_pg,69,1,3.9047358652262285,0.9793864926620726,0.980725341068114
ablation,stag_hunt,standard_pg,70,1,3.9301725436145354,0.9856759405992983,0.9859155196090381
ablation,stag_hunt,standard_pg,71,0,1.9929250349449834,0.007016041026528121,0.007231718773606469
ablation,stag_hunt,standard_pg,72,0,1.9932166238832187,0.006905754608397631,0.00692733878716763
ablation,stag_hunt,standard_pg,73,0,1.9924095594143443,0.007722438052725,0.007771627928710988
ablation,stag_hunt,standard_pg,74,0,1.9933976296150502,0.006668155886898118,0.0067385809245209686
ablation,stag_hunt,standard_pg,75,1,3.887786242203045,0.9761957690403307,0.9772473006759593
ablation,stag_hunt,standard_pg,76,1,3.9150888296015074,0.9823272355024507,0.9828412712771373
ablation,stag_hunt,standard_pg,77,0,1.9909836897175834,0.009273173027910649,0.009274351039886632
ablation,stag_hunt,standard_pg,78,0,1.9937842032215696,0.006259278990460429,0.006336222151125838
ablation,stag_hunt,standard_pg,79,0,1.9905876152480693,0.009672579134512737,0.009694323030604867
ablation,stag_hunt,standard_pg,80,1,3.9129451981826557,0.9817647271707417,0.9824035024205857
ablation,stag_hunt,standard_pg,81,0,1.99280282525648,0.007323455647162926,0.007359664808489919
ablation,stag_hunt,standard_pg,82,0,1.992925221540128,0.0070819760016201765,0.007231599387503271
ablation,stag_hunt,standard_pg,83,0,1.9931243839115342,0.00701123828098168,0.007023608874225376
ablation,stag_hunt,standard_pg,84,0,1.99293193700736,0.00720475435153957,0.007224648440586005
ablation,stag_hunt,standard_pg,85,0,1.9931694985977804,0.006771286862700438,0.006976385051582395
ablation,stag_hunt,standard_pg,86,1,3.9255126892779915,0.9841154802251327,0.9849673856039141
ablation,stag_hunt,standard_pg,87,0,1.993232011456572,0.006815286919035582,0.006911257346800255
ablation,stag_hunt,standard_pg,88,1,3.919224077747862,0.9833032633652038,0.9836851994443716
ablation,stag_hunt,standard_pg,89,0,1.9928954436320643,0.006973482830781532,0.007262539131197801
ablation,stag_hunt,standard_pg,90,0,1.9925007827415373,0.007656695479659263,0.007675978060567776
ablation,stag_hunt,standard_pg,91,1,3.916212311497134,0.9821904727009266,0.9830709722793923
ablation,stag_hunt,standard_pg,92,0,1.9927721240977174,0.007376542025384199,0.007391790923883033
ablation,stag_hunt,standard_pg,93,0,1.9903441355226792,0.009948389914106579,0.009953054280588887
ablation,stag_hunt,standard_pg,94,0,1.9928705878868482,0.0072770333115853205,0.007288791126678192
ablation,stag_hunt,standard_pg,95,0,1.9927436913230414,0.007390864810025996,0.00742154379004154
ablation,stag_hunt,standard_pg,96,0,1.9931954846894648,0.006787355696353102,0.006949315578555813
ablation,stag_hunt,standard_pg,97,0,1.992145651144705,0.007992950563218618,0.008048683452800326
ablation,stag_hunt,standard_pg,98,0,1.993154697326799,0.006948077756608934,0.006991959384512927
ablation,stag_hunt,standard_pg,99,0,1.9931472270748194,0.006792479175004199,0.006999628593892476
ablation,stag_hunt,meta_pg,0,0,1.9929552547955947,0.007190677625132226,0.007200276889838814
ablation,stag_hunt,meta_pg,1,0,1.99288859428857,0.007099804950923589,0.007269872062372873
ablation,stag_hunt,meta_pg,2,1,3.89775904558262,0.9792158126241467,0.97929458429582
ablation,stag_hunt,meta_pg,3,1,3.9224247526380123,0.9838960926557608,0.9843378865582362
ablation,stag_hunt,meta_pg,4,1,3.925588216095539,0.9849321859209178,0.984982326415617
ablation,stag_hunt,meta_pg,5,1,3.9387829105426793,0.986931082569693,0.9876656237362821
ablation,stag_hunt,meta_pg,6,0,1.9917362007523183,0.008458028512669115,0.008479503819173746
ablation,stag_hunt,meta_pg,7,0,1.9927579221780847,0.007394494415930139,0.007406652899971309
ablation,stag_hunt,meta_pg,8,0,1.9929563879167411,0.007059562353800802,0.007199031909280737
ablation,stag_hunt,meta_pg,9,0,1.993014673673599,0.006948655418776182,0.007138075032541392
ablation,stag_hunt,meta_pg,10,1,3.9284612159441084,0.9852576194962334,0.9855673193752206
ablation,stag_hunt,meta_pg,11,0,1.9932623382771189,0.006574082789118101,0.006879358878132034
ablation,stag_hunt,meta_pg,12,0,1.992277547645074,0.007878268420237764,0.007910161256792414
ablation,stag_hunt,meta_pg,13,1,3.9340217388984664,0.9840888409090671,0.9867023495312917
ablation,stag_hunt,meta_pg,14,0,1.9934112124941672,0.006538974753107548,0.006724334452672356
ablation,stag_hunt,meta_pg,15,0,1.9932548708934492,0.006643112383592546,0.006887253056540749
ablation,stag_hunt,meta_pg,16,0,1.9925043378104266,0.00756531844918073,0.007672216632056483
ablation,stag_hunt,meta_pg,17,0,1.9923989010942493,0.007703620378857844,0.007782795832399633
ablation,stag_hunt,meta_pg,18,0,1.9919111750707081,0.008262396401981361,0.008295255480599907
ablation,stag_hunt,meta_pg,19,0,1.9928507851345152,0.0072815333647509375,0.007309498839118885
ablation,stag_hunt,meta_pg,20,0,1.9924361123735954,0.007696287605443383,0.007743779209377992
ablation,stag_hunt,meta_pg,21,1,3.9045531696367624,0.9804238253336212,0.9806868774229887
ablation,stag_hunt,meta_pg,22,1,3.8815223969233696,0.9757628349710811,0.9759576823409204
ablation,stag_hunt,meta_pg,23,0,1.9926168433475988,0.007477403882121248,0.007554343196833346
ablation,stag_hunt,meta_pg,24,0,1.9920886220040233,0.008076072886204188,0.008108624175264634
ablation,stag_hunt,meta_pg,25,0,1.9924075772087741,0.0077647637982628265,0.007773714460419159
ablation,stag_hunt,meta_pg,26,0,1.99248859096485,0.0076735872047270295,0.007688759408277963
ablation,stag_hunt,meta_pg,27,0,1.9922110104596231,0.007926516011172842,0.007980023265239273
ablation,stag_hunt,meta_pg,28,0,1.991507301255348,0.008706087080532535,0.008720858192959886
ablation,stag_hunt,meta_pg,29,1,3.9219819311527573,0.9839379779997304,0.98424756011786
ablation,stag_hunt,meta_pg,30,0,1.9930277973340207,0.00706909919316791,0.007124467584072712
ablation,stag_hunt,meta_pg,31,0,1.992389375050021,0.007755073365688028,0.007792804064736026
ablation,stag_hunt,meta_pg,32,0,1.9922515318294227,0.007899422678324733,0.007937474322663021
ablation,stag_hunt,meta_pg,33,1,3.899597832303569,0.9788224057444145,0.9796720646392375
ablation,stag_hunt,meta_pg,34,1,3.9236392220571332,0.9836575302150848,0.9845858029430345
ablation,stag_hunt,meta_pg,35,0,1.9923554435443447,0.007786397868229478,0.007828402835256702
ablation,stag_hunt,meta_pg,36,0,1.992591279772139,0.00753975035859503,0.007581135956741652
ablation,stag_hunt,meta_pg,37,0,1.9911386902740063,0.009106617849843446,0.009110302521354975
ablation,stag_hunt,meta_pg,38,0,1.9926299101719664,0.007375078635938284,0.007540589098762681
ablation,stag_hunt,meta_pg,39,0,1.9917138586076224,0.00849168848275901,0.008503046399591655
ablation,stag_hunt,meta_pg,40,0,1.9864387637682404,0.014149605846823279,0.01416300808712783
ablation,stag_hunt,meta_pg,41,0,1.9932683898256671,0.006820494557501726,0.006873329786719524
ablation,stag_hunt,meta_pg,42,0,1.9933106700137095,0.006717454034606901,0.006829206713306271
ablation,stag_hunt,meta_pg,43,0,1.992804032764564,0.007344675853091007,0.0073584050443544005
ablation,stag_hunt,meta_pg,44,0,1.9929675339462496,0.007160401206799965,0.0071874418199098285
ablation,stag_hunt,meta_pg,45,0,1.9927280149332445,0.007414405375736257,0.007437952830221835
ablation,stag_hunt,meta_pg,46,0,1.9910887963517592,0.009155572873296151,0.009163090141538625
ablation,stag_hunt,meta_pg,47,0,1.991951732628976,0.008238530334320954,0.008252582113275404
ablation,stag_hunt,meta_pg,48,0,1.993068862713001,0.006923902522354553,0.007081505950039035
ablation,stag_hunt,meta_pg,49,1,3.9317554427368178,0.9858893256687866,0.9862375177392071
ablation,stag_hunt,meta_pg,50,0,1.9926818830384172,0.007477279712979706,0.007486248468670885
ablation,stag_hunt,meta_pg,51,0,1.9926289015603225,0.007499302502395029,0.007541725930466628
ablation,stag_hunt,meta_pg,52,0,1.9933438040890792,0.006776149891954542,0.006794698668746817
ablation,stag_hunt,meta_pg,53,0,1.9923201295988957,0.007850760133263163,0.007865466439196469
ablation,stag_hunt,meta_pg,54,0,1.992897070614441,0.007248579922561276,0.007261099618332801
ablation,stag_hunt,meta_pg,55,0,1.9925254935225105,0.007550117939807527,0.007650046138309789
ablation,stag_hunt,meta_pg,56,0,1.9935566939759903,0.00632596104988971,0.006572725507716233
ablation,stag_hunt,meta_pg,57,1,3.9313985508248814,0.9856560955597212,0.9861650215918679
ablation,stag_hunt,meta_pg,58,1,3.9067137217182633,0.9809926127271,0.9811290887440977
ablation,stag_hunt,meta_pg,59,1,3.8849420991591934,0.9760538726517916,0.9766618397725699
ablation,stag_hunt,meta_pg,60,0,1.9931763310200439,0.00676059907350443,0.006969249698798427
ablation,stag_hunt,meta_pg,61,1,3.935237064108691,0.9857042799518534,0.9869460954304412
ablation,stag_hunt,meta_pg,62,0,1.9934571714246518,0.006271797216221735,0.006676047137497846
ablation,stag_hunt,meta_pg,63,1,3.924878835764586,0.9835181457492067,0.9848388983841063
ablation,stag_hunt,meta_pg,64,1,3.9025911412138514,0.9798416868937757,0.9802851408303592
ablation,stag_hunt,meta_pg,65,0,1.9920285536196136,0.008171559391288483,0.008171780363150707
ablation,stag_hunt,meta_pg,66,0,1.9922319193870537,0.007945034118976733,0.007958072874548694
ablation,stag_hunt,meta_pg,67,1,3.9221615719745255,0.9837932475273004,0.9842842685264284
ablation,stag_hunt,meta_pg,68,0,1.992434890626914,0.007709610585342999,0.007745063634434211
ablation,stag_hunt,meta_pg,69,1,3.902754199538051,0.9788638815646572,0.9803197236263903
ablation,stag_hunt,meta_pg,70,1,3.9295997446269606,0.9856312317262919,0.9857989641544405
ablation,stag_hunt,meta_pg,71,0,1.9928724831699065,0.007062753047556235,0.0072866523445804104
ablation,stag_hunt,meta_pg,72,0,1.993154829876282,0.006969102490691372,0.006991825443831094
ablation,stag_hunt,meta_pg,73,0,1.9923156068938295,0.007819773125034802,0.007870205898427508
ablation,stag_hunt,meta_pg,74,0,1.9933516451924582,0.006713060798744654,0.006786508725803773
ablation,stag_hunt,meta_pg,75,1,3.883558026500707,0.9756024085974974,0.9763771417684153
ablation,stag_hunt,meta_pg,76,1,3.9143560049630306,0.9821586624415568,0.9826916234824856
ablation,stag_hunt,meta_pg,77,0,1.9909028631822463,0.009359369891560028,0.009359963570838684
ablation,stag_hunt,meta_pg,78,0,1.9937503059068866,0.006292474976476462,0.006371461958759114
ablation,stag_hunt,meta_pg,79,0,1.9904894939608733,0.009773953655594995,0.009798538283388007
ablation,stag_hunt,meta_pg,80,1,3.9119533982930887,0.981633218401547,0.9822007857208417
ablation,stag_hunt,meta_pg,81,0,1.9927389397392083,0.007388222599475683,0.0074265152479967966
ablation,stag_hunt,meta_pg,82,0,1.9928647293928266,0.007137177332180945,0.0072948401112644026
ablation,stag_hunt,meta_pg,83,0,1.9930506827338057,0.0070877238753912185,0.00710057110091809
ablation,stag_hunt,meta_pg,84,0,1.9928551469779552,0.007284375711807407,0.007304938116254454
ablation,stag_hunt,meta_pg,85,0,1.9931125576198294,0.006819215000421304,0.007035809486028208
ablation,stag_hunt,meta_pg,86,1,3.9244723614253534,0.9838310844523472,0.9847555490959781
ablation,stag_hunt,meta_pg,87,0,1.993173235139635,0.006870644691292792,0.006972584488547772
ablation,stag_hunt,meta_pg,88,1,3.917394001104656,0.9829417489755898,0.9833117844538147
ablation,stag_hunt,meta_pg,89,0,1.9928326985964615,0.007033890739069894,0.007328146852429936
ablation,stag_hunt,meta_pg,90,0,1.9924012436683278,0.007760485729267725,0.0077803570128089725
ablation,stag_hunt,meta_pg,91,1,3.9145914349587105,0.9819853805649793,0.98273988154125
ablation,stag_hunt,meta_pg,92,0,1.992703472737635,0.007446631557032179,0.007463644355243803
ablation,stag_hunt,meta_pg,93,0,1.990242878090907,0.010055229966188744,0.010060779680003833
ablation,stag_hunt,meta_pg,94,0,1.9927965627233495,0.007353902649480994,0.007366220431817432
ablation,stag_hunt,meta_pg,95,0,1.9926773228137225,0.007459265527301735,0.007491020317362811
ablation,stag_hunt,meta_pg,96,0,1.9931354825718959,0.006843397371184912,0.007011933863995137
ablation,stag_hunt,meta_pg,97,0,1.9920801535676858,0.008059087427144701,0.008117518510021574
ablation,stag_hunt,meta_pg,98,0,1.9930935986263738,0.007008361140095614,0.00705574526144467
ablation,stag_hunt,meta_pg,99,0,1.9930899460537839,0.0068434160010261156,0.007059420214030792
ablation,stag_hunt,lola_style,0,0,1.992873604024157,0.007276512283463168,0.007285637256758791
ablation,stag_hunt,lola_style,1,0,1.9928904843837136,0.007122494687989229,0.0072679201609810486
ablation,stag_hunt,lola_style,2,1,3.921231580986963,0.9828785540605018,0.9840954314921504
ablation,stag_hunt,lola_style,3,1,3.9301569280965545,0.98577832189125,0.9859123187343375
ablation,stag_hunt,lola_style,4,1,3.930100544644965,0.9854008171674848,0.9859009897790516
ablation,stag_hunt,lola_style,5,1,3.9403616955396195,0.9872339233783178,0.9879860779561032
ablation,stag_hunt,lola_style,6,1,3.9192096768577667,0.9836531955662224,0.9836821729883385
ablation,stag_hunt,lola_style,7,0,1.9926694375427858,0.007492014666503729,0.007499279895726965
ablation,stag_hunt,lola_style,8,0,1.992957902517168,0.007079517871606573,0.007197466311233006
ablation,stag_hunt,lola_style,9,0,1.993017003101471,0.006975225456605181,0.007135673162579189
ablation,stag_hunt,lola_style,10,1,3.931447346236758,0.9857944482227674,0.986174875644295
ablation,stag_hunt,lola_style,11,0,1.9933142447394263,0.006542824427281828,0.006825268819442386
ablation,stag_hunt,lola_style,12,0,1.9912750301091293,0.008953881586221834,0.008966144691612544
ablation,stag_hunt,lola_style,13,1,3.936005201266312,0.9845086858511052,0.98710532213491
ablation,stag_hunt,lola_style,14,0,1.9934457792061053,0.00651723002972106,0.006688334415523856
ablation,stag_hunt,lola_style,15,0,1.9932857027893105,0.0066293614362153246,0.00685512241667149
ablation,stag_hunt,lola_style,16,0,1.992287953604882,0.007827193722317325,0.007899224051878118
ablation,stag_hunt,lola_style,17,0,1.9920737855858568,0.00807843427129563,0.008124216822977474
ablation,stag_hunt,lola_style,18,1,3.8548161306545037,0.9701875734374613,0.9704389506624438
ablation,stag_hunt,lola_style,19,0,1.9927442136722795,0.0074027864939595735,0.0074209990116247205
ablation,stag_hunt,lola_style,20,0,1.9920462772720615,0.008123130591117031,0.008153141158276292
ablation,stag_hunt,lola_style,21,1,3.9165397792018135,0.9827453645889583,0.9831374405273056
ablation,stag_hunt,lola_style,22,1,3.901390742506095,0.9794546447593552,0.9800392957631172
ablation,stag_hunt,lola_style,23,0,1.9924352235007032,0.007699022934374323,0.0077447119252609786
ablation,stag_hunt,lola_style,24,1,3.9028553659498613,0.979980330220085,0.9803392227756528
ablation,stag_hunt,lola_style,25,0,1.9880689865613246,0.012384987720012897,0.012391674062789338
ablation,stag_hunt,lola_style,26,0,1.9917484660304248,0.008459983450029084,0.008466582917830003
ablation,stag_hunt,lola_style,27,0,1.9910210483729038,0.009215746631211238,0.009234794846143873
ablation,stag_hunt,lola_style,28,1,3.915295198064974,0.9820258603558835,0.9828837005221562
ablation,stag_hunt,lola_style,29,1,3.925537925833428,0.9846851410330263,0.9849721325042667
ablation,stag_hunt,lola_style,30,0,1.9930634761067245,0.0070392256227077435,0.0070872022971959605
ablation,stag_hunt,lola_style,31,0,1.9909115567720315,0.00934460209981601,0.009350752851121493
ablation,stag_hunt,lola_style,32,0,1.9911985600869797,0.009038213147917076,0.009046983408657405
ablation,stag_hunt,lola_style,33,1,3.919340891009923,0.9823522745907567,0.9837100672164169
ablation,stag_hunt,lola_style,34,1,3.929206608557597,0.9852961193987577,0.9857190619243551
ablation,stag_hunt,lola_style,35,0,1.9915731422967213,0.008636153454651812,0.008651397017229317
ablation,stag_hunt,lola_style,36,0,1.9923824613316798,0.007769469192831052,0.00780005860385464
ablation,stag_hunt,lola_style,37,1,3.9159718197023015,0.9826911978837618,0.9830214670381672
ablation,stag_hunt,lola_style,38,0,1.9926013220099024,0.0074330537072082046,0.007570561467756211
ablation,stag_hunt,lola_style,39,1,3.9136012287441178,0.9823672861064119,0.9825372954608387
ablation,stag_hunt,lola_style,40,1,3.9138328344232427,0.9816227504577866,0.9825851565566543
ablation,stag_hunt,lola_style,41,0,1.9932996607421063,0.006791998372351877,0.006840718422574426
ablation,stag_hunt,lola_style,42,0,1.9933426823992317,0.006696554024723551,0.006795838282564976
ablation,stag_hunt,lola_style,43,0,1.9927788797893458,0.007371209524714413,0.007384722020868218
ablation,stag_hunt,lola_style,44,0,1.992956169257353,0.007178338235321967,0.007199320049461066
ablation,stag_hunt,lola_style,45,0,1.9925347546859968,0.007623011956584511,0.007640370179519567
ablation,stag_hunt,lola_style,46,1,3.9163353551283095,0.9829012926983722,0.9830956392403944
ablation,stag_hunt,lola_style,47,1,3.9086637327767355,0.9807511550409066,0.9815283887575622
ablation,stag_hunt,lola_style,48,0,1.9930774178870743,0.006936941994052514,0.007072591564836834
ablation,stag_hunt,lola_style,49,1,3.933155801655656,0.9861357393162712,0.9865222602895879
ablation,stag_hunt,lola_style,50,0,1.9923748395057714,0.007799845614817429,0.007808057581507848
ablation,stag_hunt,lola_style,51,0,1.9925400921463237,0.0076063954735275515,0.007634774796078937
ablation,stag_hunt,lola_style,52,0,1.9933745113793697,0.006746314415768928,0.00676268973347088
ablation,stag_hunt,lola_style,53,0,1.9914085157725014,0.00882272449675897,0.008825133134625414
ablation,stag_hunt,lola_style,54,0,1.992869301133922,0.007279489689492176,0.0072901368101254
ablation,stag_hunt,lola_style,55,0,1.9922261192432855,0.007910298941018178,0.007964155367314806
ablation,stag_hunt,lola_style,56,0,1.9935871899888196,0.006308418007667055,0.006541001840702679
ablation,stag_hunt,lola_style,57,1,3.936040068706527,0.9868096621223081,0.9871083504939593
ablation,stag_hunt,lola_style,58,1,3.9226877417444004,0.9839377824392579,0.9843914966364742
ablation,stag_hunt,lola_style,59,1,3.9211672647903866,0.9840118285005225,0.9840814150554688
ablation,stag_hunt,lola_style,60,0,1.9932056695758544,0.006749671083319988,0.006938658208967231
ablation,stag_hunt,lola_style,61,1,3.9361794120428457,0.985830297744559,0.9871376437761799
ablation,stag_hunt,lola_style,62,0,1.9934887883624715,0.006266073743179671,0.006643180552449231
ablation,stag_hunt,lola_style,63,1,3.9292630519044653,0.9840269522415239,0.9857322132874285
ablation,stag_hunt,lola_style,64,1,3.918917901228183,0.9822426195805868,0.9836238172530254
ablation,stag_hunt,lola_style,65,1,3.9169843007507925,0.982928800635739,0.983228136671694
ablation,stag_hunt,lola_style,66,1,3.904620150486753,0.9806906216204329,0.9807005488680848
ablation,stag_hunt,lola_style,67,1,3.9290469303880724,0.9846438219275324,0.9856871241156393
ablation,stag_hunt,lola_style,68,0,1.9917525070360127,0.008451765419594172,0.008462325487406849
ablation,stag_hunt,lola_style,69,1,3.919645349217392,0.982563384315917,0.983771936168597
ablation,stag_hunt,lola_style,70,1,3.931766336675752,0.9861867325148462,0.9862396608559809
ablation,stag_hunt,lola_style,71,0,1.9928643516884657,0.007102991907681751,0.007295197189003061
ablation,stag_hunt,lola_style,72,0,1.9931782065824653,0.0069475633675966635,0.006967427366105594
ablation,stag_hunt,lola_style,73,0,1.9918382072564178,0.008347439350688629,0.008372065359407967
ablation,stag_hunt,lola_style,74,0,1.9933779071973214,0.006693275120249397,0.006759137612884461
ablation,stag_hunt,lola_style,75,1,3.9175374272919923,0.9823960198476641,0.9833415188427279
ablation,stag_hunt,lola_style,76,1,3.922587540703153,0.9841437912875961,0.9843709793371487
ablation,stag_hunt,lola_style,77,1,3.917021486879287,0.982916254603404,0.9832357342525749
ablation,stag_hunt,lola_style,78,0,1.9937793169489597,0.006265851678350916,0.006341302317904416
ablation,stag_hunt,lola_style,79,1,3.9185199443355097,0.9816412829832091,0.9835436739210603
ablation,stag_hunt,lola_style,80,1,3.9186048887405036,0.9831170587757446,0.9835589092073109
ablation,stag_hunt,lola_style,81,0,1.9926274871037584,0.007516775442678894,0.007543210891398841
ablation,stag_hunt,lola_style,82,0,1.9928423545754401,0.007193635285076479,0.007318270052780133
ablation,stag_hunt,lola_style,83,0,1.993070219755884,0.007070976883906007,0.007080166253305899
ablation,stag_hunt,lola_style,84,0,1.9928040012791444,0.007344830125654709,0.007358437994489502
ablation,stag_hunt,lola_style,85,0,1.9931291913223639,0.006826763139767243,0.00701847540801342
ablation,stag_hunt,lola_style,86,1,3.9286323959723095,0.9844071535491392,0.9856029725445723
ablation,stag_hunt,lola_style,87,0,1.993198422226065,0.006859129368552511,0.00694630858203992
ablation,stag_hunt,lola_style,88,1,3.9236316853608972,0.9839049449099836,0.9845840223395359
ablation,stag_hunt,lola_style,89,0,1.9928094983498834,0.007097165856771617,0.0073524831132019425
ablation,stag_hunt,lola_style,90,0,1.9906310192910366,0.00964554240075821,0.009648246678958014
ablation,stag_hunt,lola_style,91,1,3.9215892252472795,0.983386040005159,0.9841678169423409
ablation,stag_hunt,lola_style,92,0,1.9926134747937403,0.007545906259189505,0.007557889873456578
ablation,stag_hunt,lola_style,93,1,3.9190596488150553,0.9831735457459518,0.9836517069341848
ablation,stag_hunt,lola_style,94,0,1.9927410177458107,0.007414511766466955,0.007424344644326229
ablation,stag_hunt,lola_style,95,0,1.9924747664220248,0.007683562045123809,0.007703252722318598
ablation,stag_hunt,lola_style,96,0,1.993145456188563,0.0068556666796963685,0.007001544861445426
ablation,stag_hunt,lola_style,97,1,3.9009617158772394,0.9784483991388456,0.9799525607853645
ablation,stag_hunt,lola_style,98,0,1.9931016099521073,0.007007909087271072,0.007047382159425573
ablation,stag_hunt,lola_style,99,0,1.9931049539219152,0.0068558375288857425,0.007043784819273728
ablation,stag_hunt,meta_mapg,0,0,1.9928088481961619,0.007343580926709694,0.007353367559916906
ablation,stag_hunt,meta_mapg,1,0,1.992819577096446,0.007192188668967389,0.00734207364318311
ablation,stag_hunt,meta_mapg,2,1,3.9191240095631237,0.9825046762367313,0.983665521333443
ablation,stag_hunt,meta_mapg,3,1,3.929007946390432,0.9854324280730091,0.9856785635016503
ablation,stag_hunt,meta_mapg,4,1,3.9291548464977266,0.9852081587212002,0.9857085726098729
ablation,stag_hunt,meta_mapg,5,1,3.939384298202431,0.9869528917146608,0.9877877951097245
ablation,stag_hunt,meta_mapg,6,1,3.9183990952814467,0.9834714498893009,0.9835168028167938
ablation,stag_hunt,meta_mapg,7,0,1.9925942966595573,0.007570397928755852,0.007577980534917839
ablation,stag_hunt,meta_mapg,8,0,1.992883494735258,0.007151965349489833,0.007275247341012446
ablation,stag_hunt,meta_mapg,9,0,1.9929529878015728,0.00703181525284134,0.007202555143898597
ablation,stag_hunt,meta_mapg,10,1,3.9307749475040836,0.9856707853544531,0.9860381098309233
ablation,stag_hunt,meta_mapg,11,0,1.9932434300014985,0.006603846151826161,0.006899101266614145
ablation,stag_hunt,meta_mapg,12,0,1.9911947598842832,0.009038193052672148,0.009051001508465734
ablation,stag_hunt,meta_mapg,13,1,3.935123754431646,0.9841702791926734,0.9869267641138812
ablation,stag_hunt,meta_mapg,14,0,1.9933975751001987,0.006559291952334444,0.0067385527770592105
ablation,stag_hunt,meta_mapg,15,0,1.9932341626940333,0.006671042829941723,0.006908864869348221
ablation,stag_hunt,meta_mapg,16,0,1.9922165522645217,0.00789735164994256,0.007974193297814576
ablation,stag_hunt,meta_mapg,17,0,1.9920170150083707,0.008134653150374867,0.00818390670054209
ablation,stag_hunt,meta_mapg,18,1,3.8524397592340494,0.9698815843757789,0.9699460089088168
ablation,stag_hunt,meta_mapg,19,0,1.9926710618268315,0.0074776853471976495,0.0074975780142534695
ablation,stag_hunt,meta_mapg,20,0,1.9919648383032116,0.008208384658239956,0.008238792004025133
ablation,stag_hunt,meta_mapg,21,1,3.916001192138978,0.982679859485156,0.9830274708811919
ablation,stag_hunt,meta_mapg,22,1,3.899800044517538,0.9790219823861275,0.9797133672298175
ablation,stag_hunt,meta_mapg,23,0,1.9923439614828533,0.007792190478192901,0.007840449474228645
ablation,stag_hunt,meta_mapg,24,1,3.902141194607802,0.9798537683016134,0.980192915578108
ablation,stag_hunt,meta_mapg,25,0,1.9890574317615723,0.011318086014408753,0.011327505086741295
ablation,stag_hunt,meta_mapg,26,0,1.9916577091481065,0.008556008032068275,0.008562225871534547
ablation,stag_hunt,meta_mapg,27,0,1.9912607634582382,0.008957465159124024,0.00898122188844384
ablation,stag_hunt,meta_mapg,28,1,3.9144406109109395,0.9818036102125933,0.9827092318751367
ablation,stag_hunt,meta_mapg,29,1,3.9248334859892964,0.9845314898345088,0.9848286482310282
ablation,stag_hunt,meta_mapg,30,0,1.992969273589909,0.007134074909564005,0.007185617747331003
ablation,stag_hunt,meta_mapg,31,0,1.990788675647307,0.009476254764019396,0.009480991908052962
ablation,stag_hunt,meta_mapg,32,0,1.9905357078746893,0.00974159532410169,0.009749447096417277
ablation,stag_hunt,meta_mapg,33,1,3.918826771164844,0.9821885766443923,0.9836052864944917
ablation,stag_hunt,meta_mapg,34,1,3.9277899961720326,0.9850984023345605,0.985430706909511
ablation,stag_hunt,meta_mapg,35,0,1.991484207442511,0.008730045563220771,0.008745228954270714
ablation,stag_hunt,meta_mapg,36,0,1.9923010732363775,0.007853423893256906,0.007885465376252634
ablation,stag_hunt,meta_mapg,37,1,3.9142045015210805,0.9825321001392868,0.9826605155662727
ablation,stag_hunt,meta_mapg,38,0,1.9925430974199068,0.007488976834493151,0.007631563889067551
ablation,stag_hunt,meta_mapg,39,1,3.913116733012635,0.9823057712436487,0.9824383093553588
ablation,stag_hunt,meta_mapg,40,1,3.912497101192165,0.9813423669452409,0.9823122712173173
ablation,stag_hunt,meta_mapg,41,0,1.9932518461208608,0.006838795515420516,0.006890586373992353
ablation,stag_hunt,meta_mapg,42,0,1.9932762879497474,0.006760551383524369,0.006865066702381234
ablation,stag_hunt,meta_mapg,43,0,1.9927197996576347,0.0074327480786651415,0.007446553235903611
ablation,stag_hunt,meta_mapg,44,0,1.9928879409278712,0.007247919405633571,0.0072706443297726984
ablation,stag_hunt,meta_mapg,45,0,1.9924629191979948,0.00769758194149886,0.007715674729555148
ablation,stag_hunt,meta_mapg,46,1,3.9152968422821184,0.9826946929887083,0.9828836073307972
ablation,stag_hunt,meta_mapg,47,1,3.907991817186207,0.9805935033822417,0.9813909673487796
ablation,stag_hunt,meta_mapg,48,0,1.9930219478038806,0.006989502697170817,0.007130525724980064
ablation,stag_hunt,meta_mapg,49,1,3.932544377229685,0.985942324500672,0.9863979912398568
ablation,stag_hunt,meta_mapg,50,0,1.992304925305623,0.0078743919854978,0.007881425132331085
ablation,stag_hunt,meta_mapg,51,0,1.9924546707720627,0.007694200870524243,0.0077243219550960085
ablation,stag_hunt,meta_mapg,52,0,1.9933308625109913,0.00679095427351709,0.006808190991422401
ablation,stag_hunt,meta_mapg,53,0,1.9913044532563913,0.008932366192006809,0.008935052195155458
ablation,stag_hunt,meta_mapg,54,0,1.9928081258164734,0.007342508609533186,0.007354123161245241
ablation,stag_hunt,meta_mapg,55,0,1.9922106667987882,0.007916778613110865,0.007980380483607243
ablation,stag_hunt,meta_mapg,56,0,1.9935478582083024,0.006339133396348581,0.006581930362487153
ablation,stag_hunt,meta_mapg,57,1,3.935236393947383,0.9866068063501634,0.986945089030324
ablation,stag_hunt,meta_mapg,58,1,3.922024370021809,0.9838224418620695,0.9842562678664676
ablation,stag_hunt,meta_mapg,59,1,3.9206690587959985,0.9839041304318494,0.983979827643848
ablation,stag_hunt,meta_mapg,60,0,1.9931513837943127,0.006796003372963197,0.006995299702385055
ablation,stag_hunt,meta_mapg,61,1,3.935967100332681,0.9857762676961904,0.9870945320980961
ablation,stag_hunt,meta_mapg,62,0,1.9934405680821794,0.006300606564217598,0.006693372841771314
ablation,stag_hunt,meta_mapg,63,1,3.928438591780962,0.9839827413561848,0.9855641832480899
ablation,stag_hunt,meta_mapg,64,1,3.9179138290255877,0.9819242989182485,0.9834191518408679
ablation,stag_hunt,meta_mapg,65,1,3.9161123403500113,0.9827704721370165,0.983050136268917
ablation,stag_hunt,meta_mapg,66,1,3.902702459051375,0.9801929456153654,0.980307830813068
ablation,stag_hunt,meta_mapg,67,1,3.928547293820982,0.9844958696702949,0.9855855045390483
ablation,stag_hunt,meta_mapg,68,0,1.9916642970936047,0.008544345874246687,0.008555281049150853
ablation,stag_hunt,meta_mapg,69,1,3.9182037591266576,0.9821139213227754,0.9834780841678331
ablation,stag_hunt,meta_mapg,70,1,3.9313831926607143,0.986134264704368,0.98616174053
ablation,stag_hunt,meta_mapg,71,0,1.9928092202220955,0.007150641186006252,0.007352850336495586
ablation,stag_hunt,meta_mapg,72,0,1.9931195014511007,0.007008780374936379,0.007028705459167546
ablation,stag_hunt,meta_mapg,73,0,1.9917933369083034,0.00839202789479072,0.00841931547717243
ablation,stag_hunt,meta_mapg,74,0,1.9933094280889323,0.0067609074640610665,0.006830525611392105
ablation,stag_hunt,meta_mapg,75,1,3.9170297932618494,0.9822828665596438,0.9832379256532495
ablation,stag_hunt,meta_mapg,76,1,3.921842905214624,0.9839452030129653,0.9842192060142185
ablation,stag_hunt,meta_mapg,77,1,3.9162174804663596,0.9827911522660469,0.9830716008657736
ablation,stag_hunt,meta_mapg,78,0,1.9937454397430068,0.006298768532590879,0.006376522227224814
ablation,stag_hunt,meta_mapg,79,1,3.9173758988227574,0.9814688607209703,0.9833100817998721
ablation,stag_hunt,meta_mapg,80,1,3.91776018787548,0.982944699700136,0.9833865506958077
ablation,stag_hunt,meta_mapg,81,0,1.9925488036523296,0.007598162321635936,0.0076256454890719985
ablation,stag_hunt,meta_mapg,82,0,1.9927691304057162,0.007263984109203292,0.00739487053102973
ablation,stag_hunt,meta_mapg,83,0,1.9929944585682886,0.007149316285975944,0.007159308214527135
ablation,stag_hunt,meta_mapg,84,0,1.9927407506503672,0.007409292578019778,0.007424623758356755
ablation,stag_hunt,meta_mapg,85,0,1.9930721778943803,0.00687771256828988,0.00707799584082013
ablation,stag_hunt,meta_mapg,86,1,3.927886998347759,0.984259731296171,0.9854512518588172
ablation,stag_hunt,meta_mapg,87,0,1.9931357424015899,0.006918866609344972,0.007011724575158454
ablation,stag_hunt,meta_mapg,88,1,3.9230750838899997,0.9837277648787058,0.9844706515075663
ablation,stag_hunt,meta_mapg,89,0,1.9927643342375763,0.007129718384314285,0.007399714387968133
ablation,stag_hunt,meta_mapg,90,0,1.9907402122277162,0.00953005986844785,0.009532386959472994
ablation,stag_hunt,meta_mapg,91,1,3.921168717435182,0.9833031493884137,0.9840820794086507
ablation,stag_hunt,meta_mapg,92,0,1.9925474569455717,0.007613656771362746,0.007627058583511788
ablation,stag_hunt,meta_mapg,93,1,3.9186332151171848,0.9831038646557131,0.9835646989724783
ablation,stag_hunt,meta_mapg,94,0,1.9926423089474197,0.007516950828953949,0.007527689012249809
ablation,stag_hunt,meta_mapg,95,0,1.9923869767840046,0.007775160837984481,0.007795323187213599
ablation,stag_hunt,meta_mapg,96,0,1.9930859837468557,0.006910673772356286,0.007063630701749162
ablation,stag_hunt,meta_mapg,97,1,3.897501926075302,0.9779958894811572,0.9792428013100535
ablation,stag_hunt,meta_mapg,98,0,1.9930311447810867,0.007078617096407575,0.007120974677491738
ablation,stag_hunt,meta_mapg,99,0,1.993026701422209,0.006928966625439204,0.007125500993753187
ablation,ipd,standard_pg,0,0,9.78610571187307,0.012667594008629124,0.01501520959064993
ablation,ipd,standard_pg,1,0,9.780768615667062,0.01117923729514239,0.012541443738719883
ablation,ipd,standard_pg,2,0,9.793534602554695,0.012589458829538113,0.01592207067214308
ablation,ipd,standard_pg,3,0,9.787153294760046,0.009891875868269092,0.014343625362474473
ablation,ipd,standard_pg,4,0,9.863159399630995,0.011448497508907063,0.027793027185745767
ablation,ipd,standard_pg,5,0,9.795553370974446,0.013409535063449673,0.01651420800826011
ablation,ipd,standard_pg,6,0,9.83407985233778,0.013974244113745368,0.014285064321686308
ablation,ipd,standard_pg,7,0,9.767019724317656,0.009595532016778782,0.011722447463981833
ablation,ipd,standard_pg,8,0,9.808605739445827,0.015233649427659628,0.018972005568566153
ablation,ipd,standard_pg,9,0,9.796437093913049,0.01327233161306674,0.014593425058163776
ablation,ipd,standard_pg,10,0,9.770402727398706,0.008886183275686037,0.013605091794459578
ablation,ipd,standard_pg,11,0,11.857857934176788,0.011654756880263639,0.47758728401981326
ablation,ipd,standard_pg,12,0,9.796871884166508,0.011742901134656083,0.017302188612119504
ablation,ipd,standard_pg,13,1,28.953734856419796,0.9987244644878526,0.9987484386523788
ablation,ipd,standard_pg,14,0,9.781859575108102,0.007674568219067349,0.016126647022599347
ablation,ipd,standard_pg,15,0,9.755224490735792,0.009526132782868818,0.011816331881977941
ablation,ipd,standard_pg,16,0,9.762030147109316,0.008501533067319031,0.009347268791627273
ablation,ipd,standard_pg,17,0,9.833948862404348,0.018042739216381335,0.018324244754842303
ablation,ipd,standard_pg,18,0,9.774271612898236,0.01106769242181082,0.013071639179814036
ablation,ipd,standard_pg,19,0,9.784357677195924,0.009575096486945434,0.015783508929764645
ablation,ipd,standard_pg,20,0,9.792978412733339,0.012254546950472144,0.015984369725713383
ablation,ipd,standard_pg,21,0,9.83134669245397,0.015348900706801016,0.01673655411828645
ablation,ipd,standard_pg,22,0,9.775991248045507,0.011016134925851162,0.012212662659809494
ablation,ipd,standard_pg,23,0,9.869944152726497,0.022784223049272946,0.027740474607671987
ablation,ipd,standard_pg,24,0,9.762734105247617,0.0074176277114480545,0.011270203437988291
ablation,ipd,standard_pg,25,0,9.812725803105497,0.015521100952842792,0.01638805541001563
ablation,ipd,standard_pg,26,0,9.776835680888347,0.010295420641648194,0.013218608443561736
ablation,ipd,standard_pg,27,0,10.111774394091603,0.021964029757694663,0.029537420681174438
ablation,ipd,standard_pg,28,0,9.776211503583973,0.007664885922948145,0.01615917255356969
ablation,ipd,standard_pg,29,0,9.765213156080847,0.0031270052352328527,0.010295020150314482
ablation,ipd,standard_pg,30,0,23.741328295081495,0.06207525651493465,0.49882948966513163
ablation,ipd,standard_pg,31,0,9.827866986749289,0.01456022559926427,0.02392558877995833
ablation,ipd,standard_pg,32,0,9.800056903772623,0.01644320523812484,0.017660994158575694
ablation,ipd,standard_pg,33,0,9.765920768816477,0.008002476846653972,0.009503034255981134
ablation,ipd,standard_pg,34,1,28.962940361823094,0.9989902596108835,0.9990290180580936
ablation,ipd,standard_pg,35,1,28.868876158174388,0.9924680877905443,0.9934155541542161
ablation,ipd,standard_pg,36,0,9.797400816158046,0.009927258568536858,0.011124779379559725
ablation,ipd,standard_pg,37,0,9.784446921861399,0.016496456065658475,0.01660067345331299
ablation,ipd,standard_pg,38,0,9.780257591395356,0.012415915172128813,0.013285593770228137
ablation,ipd,standard_pg,39,0,9.929601820267962,0.010655603767391835,0.024552626029438553
ablation,ipd,standard_pg,40,0,9.800276812509917,0.016661338256114728,0.017062430569953116
ablation,ipd,standard_pg,41,1,28.95316503192684,0.9988554669238987,0.9988568175458017
ablation,ipd,standard_pg,42,0,9.785363723370427,0.012978086603299122,0.013837566931342592
ablation,ipd,standard_pg,43,0,9.81298960936239,0.011543571721100997,0.01733402056217703
ablation,ipd,standard_pg,44,0,9.779235428843183,0.013228453769260325,0.013685647512850504
ablation,ipd,standard_pg,45,0,17.127938839587507,0.00904406953552266,0.49067917878523765
ablation,ipd,standard_pg,46,0,10.006302963320191,0.03159912375920564,0.03733362379995794
ablation,ipd,standard_pg,47,0,9.786184156987797,0.016490923670874798,0.01855537821744839
ablation,ipd,standard_pg,48,0,9.784314766506586,0.015862564854429616,0.017208305153423753
ablation,ipd,standard_pg,49,0,9.795461386287649,0.014334035274481172,0.019754715640042636
ablation,ipd,standard_pg,50,0,9.791925737124394,0.010974784950912137,0.012507969881998284
ablation,ipd,standard_pg,51,0,9.81755824057328,0.009333408010409383,0.02310327761344291
ablation,ipd,standard_pg,52,0,9.794632662133948,0.013170668158445793,0.016459991601087007
ablation,ipd,standard_pg,53,0,9.790251376065376,0.012290075554689006,0.01771703948168806
ablation,ipd,standard_pg,54,0,9.755306914154318,0.008757717580303012,0.010462054745673428
ablation,ipd,standard_pg,55,0,9.826991948598033,0.014527452098117441,0.016705659438117294
ablation,ipd,standard_pg,56,0,9.784261287231242,0.012216379324934525,0.012339677548523397
ablation,ipd,standard_pg,57,0,9.771743081381938,0.014178741892051386,0.014724502320690915
ablation,ipd,standard_pg,58,0,10.800132227638835,0.010775818629679433,0.06142011966430487
ablation,ipd,standard_pg,59,0,9.769289261954853,0.009208060419693645,0.011940916892028194
ablation,ipd,standard_pg,60,0,9.770970576243489,0.010124593705798525,0.012769912827447157
ablation,ipd,standard_pg,61,0,9.796580137761307,0.00967541866017032,0.02025546403613437
ablation,ipd,standard_pg,62,0,9.793344215462142,0.013797936376631952,0.016267425724164036
ablation,ipd,standard_pg,63,0,9.80830947762028,0.018163547582454805,0.023349707576200786
ablation,ipd,standard_pg,64,0,23.949078568714405,0.013778253759370097,0.4956265549971749
ablation,ipd,standard_pg,65,0,9.776976258016052,0.014406249434635249,0.014670583692960593
ablation,ipd,standard_pg,66,0,9.801715618236653,0.018517925121268274,0.018655829393885964
ablation,ipd,standard_pg,67,1,28.937705011888674,0.9968631336632316,0.9979345858790676
ablation,ipd,standard_pg,68,0,9.78810461746226,0.013456301678011347,0.01608093779339425
ablation,ipd,standard_pg,69,1,28.95409496584571,0.9988644067436588,0.9988710117116807
ablation,ipd,standard_pg,70,1,28.956455276328064,0.9987836479013502,0.9988089625926762
ablation,ipd,standard_pg,71,0,9.775912982625467,0.013212398323415116,0.013255860691618482
ablation,ipd,standard_pg,72,0,9.77119709777151,0.012731936402768288,0.013582330038567129
ablation,ipd,standard_pg,73,0,9.786493019685459,0.015670369945058247,0.015822007973513852
ablation,ipd,standard_pg,74,0,9.806419517186708,0.013475633897731883,0.01569521104140372
ablation,ipd,standard_pg,75,0,9.828233948663264,0.018022143835792263,0.018977668776451365
ablation,ipd,standard_pg,76,0,9.786462138368805,0.009681712301978248,0.01184011310388681
ablation,ipd,standard_pg,77,0,9.78053294400544,0.01013623088373927,0.013083407461664094
ablation,ipd,standard_pg,78,0,9.81596511611216,0.0161407743267177,0.022207198766097773
ablation,ipd,standard_pg,79,0,9.826107434157597,0.01386990888398626,0.01512216755985512
ablation,ipd,standard_pg,80,0,9.821388247514435,0.017810012759681124,0.02083824874584556
ablation,ipd,standard_pg,81,0,9.781430877644024,0.010300341429239834,0.013023823096952446
ablation,ipd,standard_pg,82,0,9.808021078982282,0.01774182566408807,0.018181951134489654
ablation,ipd,standard_pg,83,0,9.807610222952052,0.013901839844725138,0.01809431170024767
ablation,ipd,standard_pg,84,0,9.802722018894347,0.012562697751971469,0.019219264133254022
ablation,ipd,standard_pg,85,0,9.768046426573175,0.01211311792937404,0.012975442286633148
ablation,ipd,standard_pg,86,0,9.791682697752286,0.0118434781498712,0.015142415671048905
ablation,ipd,standard_pg,87,0,9.79106836816628,0.013902587283459514,0.015145392811495005
ablation,ipd,standard_pg,88,0,11.704230551699538,0.01446825226195195,0.4877179606587245
ablation,ipd,standard_pg,89,0,9.787018581807462,0.015766561248883305,0.016716533331741584
ablation,ipd,standard_pg,90,0,9.795417151948701,0.01222639966116644,0.013358619738034542
ablation,ipd,standard_pg,91,0,9.822817207413573,0.009398216028611774,0.017550983748080666
ablation,ipd,standard_pg,92,1,27.007457259901443,0.9672244658000962,0.9713311664306405
ablation,ipd,standard_pg,93,0,9.89600657821872,0.023708236457795274,0.03303526795826772
ablation,ipd,standard_pg,94,0,9.825357677681051,0.01629491945129078,0.02352308483353861
ablation,ipd,standard_pg,95,0,9.82757113297614,0.016508698157879045,0.020526838404493347
ablation,ipd,standard_pg,96,0,9.769442392347834,0.009458898142587713,0.011791085049469895
ablation,ipd,standard_pg,97,0,9.819872972572966,0.012666785959007547,0.02234240834156726
ablation,ipd,standard_pg,98,0,9.914587985967895,0.013137512401452344,0.027493812877270492
ablation,ipd,standard_pg,99,0,9.780642622887157,0.012153335974708118,0.014648810467797634
ablation,ipd,meta_pg,0,0,9.825773676919281,0.012326824455318295,0.021852279147150926
ablation,ipd,meta_pg,1,0,9.807138666725479,0.013093811154504071,0.015603332465830354
ablation,ipd,meta_pg,2,0,9.785993798586574,0.012578927383037307,0.014781289233970523
ablation,ipd,meta_pg,3,1,28.941594440049023,0.9987008193792187,0.9987987276162131
ablation,ipd,meta_pg,4,0,9.889353137331888,0.011949306747811451,0.02987123928608116
ablation,ipd,meta_pg,5,0,9.81584245859655,0.017406697978681746,0.020168222561339214
ablation,ipd,meta_pg,6,0,9.799402826281966,0.013688502599805563,0.01841471169127867
ablation,ipd,meta_pg,7,0,9.770939069639118,0.011304211538591288,0.01257878764698318
ablation,ipd,meta_pg,8,0,9.808482377770664,0.015633860959323984,0.0196112597088733
ablation,ipd,meta_pg,9,0,9.793031516651704,0.009649455737255126,0.01177189089843407
ablation,ipd,meta_pg,10,0,9.795550384135765,0.01408879138582254,0.01732487673108732
ablation,ipd,meta_pg,11,0,18.883065885065605,0.008177909206719895,0.49689397455846235
ablation,ipd,meta_pg,12,0,10.351549483850281,0.03776257242407107,0.07778037023832565
ablation,ipd,meta_pg,13,1,28.97087179315913,0.9967259162905868,0.9976306656606272
ablation,ipd,meta_pg,14,0,9.781389481930002,0.007212013019764907,0.015292338945573788
ablation,ipd,meta_pg,15,0,9.761469439166147,0.012106247896449708,0.013134870432425956
ablation,ipd,meta_pg,16,0,9.77025125151125,0.010115495338067854,0.01045265122532316
ablation,ipd,meta_pg,17,0,9.824820863714091,0.011092325282005924,0.020834039612469178
ablation,ipd,meta_pg,18,0,9.800439231463333,0.01107797198036984,0.01741510402136999
ablation,ipd,meta_pg,19,0,9.786951273908446,0.009984823053221334,0.016438404438848413
ablation,ipd,meta_pg,20,0,9.796972137419528,0.013155737938880524,0.01588207493030245
ablation,ipd,meta_pg,21,0,9.807557598798585,0.010948995195781673,0.014250059531358075
ablation,ipd,meta_pg,22,0,9.873590675908826,0.01529617778051639,0.015785435663814868
ablation,ipd,meta_pg,23,0,10.449941984176775,0.12388903955092412,0.16018747722232876
ablation,ipd,meta_pg,24,0,9.783948844284584,0.0078748381420836,0.013057649270071284
ablation,ipd,meta_pg,25,0,9.809883888968521,0.01603375020761027,0.017180681015186938
ablation,ipd,meta_pg,26,0,9.786639655977188,0.010678944607425718,0.014291770839522204
ablation,ipd,meta_pg,27,0,17.29145721701603,0.015514950374381182,0.04653769100072731
ablation,ipd,meta_pg,28,0,9.778234659643365,0.00787272855420981,0.016449278457772228
ablation,ipd,meta_pg,29,0,9.776835475556389,0.002482329817534149,0.010167178750444879
ablation,ipd,meta_pg,30,0,16.344007095207576,0.004337333992781768,0.4917441547392186
ablation,ipd,meta_pg,31,0,9.815057968463327,0.01971113871042953,0.022249768093294882
ablation,ipd,meta_pg,32,0,22.261272951330348,0.01082227197423744,0.4075654985506028
ablation,ipd,meta_pg,33,0,9.768657016170351,0.00803605638098816,0.009788910277985296
ablation,ipd,meta_pg,34,1,28.962894646501844,0.9988752752800729,0.9989673092127269
ablation,ipd,meta_pg,35,1,28.932119792488052,0.9978314727161484,0.9982438540671688
ablation,ipd,meta_pg,36,0,9.83151553460753,0.010571477862548603,0.014361598386733829
ablation,ipd,meta_pg,37,0,9.786002578610983,0.01638495291927731,0.016686243053755642
ablation,ipd,meta_pg,38,0,9.822256996421523,0.01764757752920391,0.019544344252162116
ablation,ipd,meta_pg,39,0,17.985988754807863,0.00774208487083915,0.044894771419313535
ablation,ipd,meta_pg,40,0,9.809241492405265,0.014985012594910276,0.01640654750455977
ablation,ipd,meta_pg,41,0,9.85486168969162,0.02093882181175903,0.024811841300969424
ablation,ipd,meta_pg,42,0,9.792496010969739,0.014450673475442422,0.015099004041518987
ablation,ipd,meta_pg,43,0,9.871122325338689,0.018783309254102154,0.02087937783150131
ablation,ipd,meta_pg,44,0,9.777006380426656,0.01255439709054745,0.013291218521778819
ablation,ipd,meta_pg,45,0,9.776041333994174,0.008129150886672976,0.011927554742468616
ablation,ipd,meta_pg,46,0,9.824815984326,0.01840899069589457,0.023810765223036753
ablation,ipd,meta_pg,47,0,9.789881392468653,0.016496990841625203,0.018949528494874288
ablation,ipd,meta_pg,48,0,9.779026532364343,0.012742995770779303,0.015766077954820927
ablation,ipd,meta_pg,49,0,9.80586420889771,0.014762006456586239,0.020893244980297633
ablation,ipd,meta_pg,50,0,9.798180017083972,0.011332479950592946,0.013545578156788928
ablation,ipd,meta_pg,51,0,9.789874615499473,0.00988224389473161,0.01747453159323132
ablation,ipd,meta_pg,52,0,9.795807881550651,0.014186527186533345,0.01573622794886184
ablation,ipd,meta_pg,53,0,9.792754647965559,0.012517778199977918,0.017848047156966525
ablation,ipd,meta_pg,54,0,9.763507665164372,0.00918972043142816,0.010616301521339518
ablation,ipd,meta_pg,55,0,9.833242489958325,0.014532342981725843,0.020077978016984147
ablation,ipd,meta_pg,56,0,9.808936345147595,0.01327260836836883,0.01575087672377213
ablation,ipd,meta_pg,57,0,9.790617157449837,0.018023434273725596,0.018252537356746354
ablation,ipd,meta_pg,58,0,10.007816836186073,0.019909596124972055,0.03383060530452062
ablation,ipd,meta_pg,59,0,9.775613304271662,0.010037084363679732,0.01261843565627571
ablation,ipd,meta_pg,60,0,9.775726663607056,0.01030782688770444,0.013275627238322959
ablation,ipd,meta_pg,61,0,9.800235076215138,0.010746122840893529,0.020774243377666708
ablation,ipd,meta_pg,62,0,9.80849162665902,0.015455716439012633,0.015559621761974798
ablation,ipd,meta_pg,63,1,28.944822017749686,0.9985575193428067,0.9986363714936299
ablation,ipd,meta_pg,64,0,9.836568705774699,0.017298295254382094,0.025340540559172085
ablation,ipd,meta_pg,65,0,9.787271397532162,0.014444615690691606,0.01486066121166819
ablation,ipd,meta_pg,66,1,28.957210639752418,0.998815406444881,0.9989216830237808
ablation,ipd,meta_pg,67,0,9.858022315062367,0.02004778385849644,0.03216325661833039
ablation,ipd,meta_pg,68,0,9.785245074169648,0.013422327945602167,0.015837353020758695
ablation,ipd,meta_pg,69,1,28.957570420052523,0.9986656481712051,0.9988144414537686
ablation,ipd,meta_pg,70,0,23.32682413552484,0.07281157794311079,0.43080527883960484
ablation,ipd,meta_pg,71,0,9.776737742300947,0.012941713142675709,0.013460310755363882
ablation,ipd,meta_pg,72,0,9.800672632123444,0.01345533072801919,0.016266183875194434
ablation,ipd,meta_pg,73,0,9.787192663128018,0.014595751332442364,0.015488060685249258
ablation,ipd,meta_pg,74,0,9.802761868125803,0.015339236358012613,0.015798647614804366
ablation,ipd,meta_pg,75,0,9.852495992183066,0.0205832779635233,0.021164805662336403
ablation,ipd,meta_pg,76,0,9.804398337862203,0.010580841643584096,0.013303873375882727
ablation,ipd,meta_pg,77,0,9.826476173930086,0.015449495855681122,0.017128324335525965
ablation,ipd,meta_pg,78,0,9.838347600326856,0.019917326527452858,0.025166299868310024
ablation,ipd,meta_pg,79,0,9.830868930073962,0.013961192086349303,0.01849038652559218
ablation,ipd,meta_pg,80,0,9.815948911551661,0.015885057031212055,0.020719402746432292
ablation,ipd,meta_pg,81,0,9.787385779652979,0.01126697571591779,0.014014980665442895
ablation,ipd,meta_pg,82,0,9.82478092918396,0.019833089495545516,0.020538047688319176
ablation,ipd,meta_pg,83,0,9.812035308139293,0.014746801950316628,0.018412485452463365
ablation,ipd,meta_pg,84,0,9.788750480576411,0.011286096748000766,0.015430269200732344
ablation,ipd,meta_pg,85,0,9.776038813062751,0.012979797744965426,0.014780337750391469
ablation,ipd,meta_pg,86,0,9.809455256265235,0.014931799691832358,0.016935662395646013
ablation,ipd,meta_pg,87,0,9.777284774160293,0.012917156963088131,0.013738177892034378
ablation,ipd,meta_pg,88,0,9.815105096431484,0.021459165522719415,0.02431012895614911
ablation,ipd,meta_pg,89,0,9.792247046741805,0.016938783015587065,0.017504243286989504
ablation,ipd,meta_pg,90,0,9.802633692431622,0.012260609777577739,0.013678893054816885
ablation,ipd,meta_pg,91,0,16.794686154383264,0.02255201704315739,0.1095434270289736
ablation,ipd,meta_pg,92,1,28.92201147710034,0.9982193313891754,0.9983683350074706
ablation,ipd,meta_pg,93,0,9.884213745337727,0.026145734406720054,0.03254009018373696
ablation,ipd,meta_pg,94,0,9.82016744760618,0.015196851919578211,0.02164191642538322
ablation,ipd,meta_pg,95,0,9.83847761677438,0.017159946998241606,0.02308795951162978
ablation,ipd,meta_pg,96,0,9.779375658354578,0.009949070226697568,0.012740150372571812
ablation,ipd,meta_pg,97,0,9.849189185250939,0.013421096365329324,0.02826267834542053
ablation,ipd,meta_pg,98,0,9.93310064440703,0.01410966056656399,0.0236738663725796
ablation,ipd,meta_pg,99,0,9.780926225317327,0.012172334344332918,0.01424368056418392
ablation,ipd,lola_style,0,0,9.87578670752439,0.012927223038471465,0.014362323505915233
ablation,ipd,lola_style,1,0,24.105979947265165,0.0071665691327962005,0.5020715840050628
ablation,ipd,lola_style,2,0,24.172981618589468,0.007743982212437373,0.501648251092194
ablation,ipd,lola_style,3,1,28.972214006179495,0.9986265297247302,0.998854557533952
ablation,ipd,lola_style,4,0,27.11723727970239,0.7728713547678238,0.8850417397644375
ablation,ipd,lola_style,5,0,24.17281230300823,0.009773971385233254,0.5034067079974102
ablation,ipd,lola_style,6,0,23.62146727266245,0.028483580576441465,0.508904443329358
ablation,ipd,lola_style,7,0,27.566938584464268,0.009151889200162706,0.5031573916410926
ablation,ipd,lola_style,8,0,19.257312658033605,0.007532682048862889,0.010340232616082724
ablation,ipd,lola_style,9,0,15.368853346224874,0.01598191130654937,0.24688964285837536
ablation,ipd,lola_style,10,0,9.780939781074006,0.003968633597140189,0.011999266416763198
ablation,ipd,lola_style,11,0,23.84459905088297,0.005856472841828109,0.4997862477779374
ablation,ipd,lola_style,12,0,19.704103623706196,0.009856382221815129,0.2925345058317131
ablation,ipd,lola_style,13,0,24.15631954481821,0.005912489454461366,0.5021292965837524
ablation,ipd,lola_style,14,0,9.815239380066956,0.006263395410497052,0.025707244125089044
ablation,ipd,lola_style,15,0,24.101239078871444,0.006971992442733531,0.5024385590657927
ablation,ipd,lola_style,16,0,9.748599685503406,0.0035426538090264172,0.006825948225204494
ablation,ipd,lola_style,17,0,25.65226194656376,0.005712257747624688,0.5014457868060448
ablation,ipd,lola_style,18,0,17.300695972260353,0.008895842061348734,0.48881958369172795
ablation,ipd,lola_style,19,0,28.162499670341823,0.006297027175445433,0.502426983768194
ablation,ipd,lola_style,20,0,25.425253882644018,0.010307539794199945,0.5045261242334145
ablation,ipd,lola_style,21,1,28.962882807014427,0.9990426873568513,0.9990710256877376
ablation,ipd,lola_style,22,0,11.30560925525721,0.03981541901616731,0.49214942789013927
ablation,ipd,lola_style,23,0,13.02211191483042,0.020848284222641945,0.505817416109905
ablation,ipd,lola_style,24,0,9.79078873384567,0.00842743840609339,0.015317836891186026
ablation,ipd,lola_style,25,1,28.887994311279098,0.9960062384075677,0.9969455712843813
ablation,ipd,lola_style,26,1,28.876861082146718,0.9907488104543134,0.9931347578402849
ablation,ipd,lola_style,27,0,28.354489517879415,0.011082997304465884,0.48893452440957175
ablation,ipd,lola_style,28,1,28.699298449777693,0.989083435473477,0.9892707589557626
ablation,ipd,lola_style,29,0,10.192145956210101,0.016986405635113694,0.03546039316475272
ablation,ipd,lola_style,30,0,10.007047634006625,0.004505647531147185,0.03056704560601431
ablation,ipd,lola_style,31,0,24.103693464586357,0.002507635985225302,0.5003439202411659
ablation,ipd,lola_style,32,0,24.147772247129748,0.00683015102800743,0.5023837276639895
ablation,ipd,lola_style,33,0,17.215114694122175,0.0015786472595488647,0.24887519722249438
ablation,ipd,lola_style,34,1,28.97468542286159,0.9973352056296838,0.997691751099955
ablation,ipd,lola_style,35,1,28.94270117481398,0.9952603307527869,0.995658106344298
ablation,ipd,lola_style,36,1,28.93847905035844,0.9965461000590574,0.9969930332658795
ablation,ipd,lola_style,37,0,24.102598413237754,0.04175406171215077,0.5199659007831098
ablation,ipd,lola_style,38,1,28.631546353778624,0.9915445596862498,0.993598279600226
ablation,ipd,lola_style,39,0,14.794500876255288,0.0034325289119331664,0.4694580371940713
ablation,ipd,lola_style,40,0,16.615565255010907,0.0038419441435620046,0.016143210824420075
ablation,ipd,lola_style,41,0,28.27233199893952,0.4068955581471569,0.7015885897463087
ablation,ipd,lola_style,42,0,24.06120405589882,0.004512622067171751,0.5011394465591252
ablation,ipd,lola_style,43,0,24.295356702504655,0.3088459398260118,0.6482129947558527
ablation,ipd,lola_style,44,0,17.099846550594524,0.009499206521593155,0.43298783933363844
ablation,ipd,lola_style,45,1,28.811174959007843,0.9916831649350435,0.9936031278878643
ablation,ipd,lola_style,46,1,28.96279559537306,0.9955580580637703,0.9959473282380529
ablation,ipd,lola_style,47,0,10.453053579593266,0.0021817972370587633,0.12788952432591716
ablation,ipd,lola_style,48,0,10.9732785078,0.001527283924876396,0.3566591611175272
ablation,ipd,lola_style,49,0,24.160042959519537,0.004584267326318009,0.5012003563809505
ablation,ipd,lola_style,50,1,28.928030770333983,0.9925108744548884,0.9930852562642638
ablation,ipd,lola_style,51,0,16.623906361810615,0.003223538700500407,0.008517238637895894
ablation,ipd,lola_style,52,0,9.858816835159603,0.012056516164248842,0.025202293070452773
ablation,ipd,lola_style,53,0,22.133992933430925,0.32910261456915246,0.34135414939847286
ablation,ipd,lola_style,54,0,23.695028361870328,0.01897433552180424,0.4142429543831332
ablation,ipd,lola_style,55,0,9.772434183142822,0.013202562327481465,0.014789580503764842
ablation,ipd,lola_style,56,0,9.772828251417213,0.013591636274215857,0.014405500419716635
ablation,ipd,lola_style,57,0,16.825855608210205,0.007913086591549991,0.312382561344919
ablation,ipd,lola_style,58,0,23.672206182128875,0.012698136674993477,0.48695562173469975
ablation,ipd,lola_style,59,1,28.572684904716844,0.9820736523585487,0.9901436572500935
ablation,ipd,lola_style,60,0,9.767551435926663,0.009989305051329814,0.0137767507145704
ablation,ipd,lola_style,61,1,28.947418573982972,0.996069536146041,0.9966322424333705
ablation,ipd,lola_style,62,0,24.12916617092143,0.011991447306257407,0.502493829616901
ablation,ipd,lola_style,63,0,9.821696754934216,0.00831886402624319,0.009495018926720715
ablation,ipd,lola_style,64,1,28.981994031497607,0.9774694759100327,0.9806755730867653
ablation,ipd,lola_style,65,1,28.956765941880953,0.9879801663388232,0.9915541347205525
ablation,ipd,lola_style,66,0,26.935762461793505,0.005063821218702374,0.0057662338346567395
ablation,ipd,lola_style,67,1,28.97897715681639,0.9980191579057072,0.9984676951659539
ablation,ipd,lola_style,68,1,28.953059202782075,0.9972573058582394,0.9974799432072945
ablation,ipd,lola_style,69,1,28.983984881636705,0.9961777502005974,0.9965414679784678
ablation,ipd,lola_style,70,0,9.88193646168813,0.020344544535745718,0.03162283478786709
ablation,ipd,lola_style,71,0,24.131990354989185,0.004921012559398552,0.5011071058998907
ablation,ipd,lola_style,72,0,16.955564878927593,0.004322402552518487,0.23777319095740476
ablation,ipd,lola_style,73,1,28.956372498524814,0.9987421202459981,0.9988411117540947
ablation,ipd,lola_style,74,0,9.930990465273489,0.01518968385662851,0.027305628792945624
ablation,ipd,lola_style,75,1,28.86504750976951,0.947454951342254,0.9618287317574641
ablation,ipd,lola_style,76,1,28.925583937564134,0.9923794411445549,0.9939139369186452
ablation,ipd,lola_style,77,1,28.83691713243427,0.9661872372720451,0.9793638446491921
ablation,ipd,lola_style,78,1,28.89161631470974,0.991030346867939,0.9934980011536229
ablation,ipd,lola_style,79,1,28.917150405915088,0.9981267348615882,0.998194710821277
ablation,ipd,lola_style,80,1,28.947329503841516,0.9945736644314617,0.9960622541432594
ablation,ipd,lola_style,81,0,17.13088463278943,0.008117590762431515,0.47341829466208574
ablation,ipd,lola_style,82,1,28.95856554125212,0.995489064135711,0.995644005883333
ablation,ipd,lola_style,83,1,24.26843933963974,0.87103539752588,0.9093473358816957
ablation,ipd,lola_style,84,1,28.783203566368407,0.9926863079108059,0.9956357742824731
ablation,ipd,lola_style,85,0,11.378806057468271,0.006866971511450564,0.41702722401557935
ablation,ipd,lola_style,86,0,25.436730285000955,0.018685585943015184,0.5086061879563704
ablation,ipd,lola_style,87,0,17.3594571873342,0.03007214631913801,0.5125045442314125
ablation,ipd,lola_style,88,0,24.105933939399947,0.017989966633340487,0.5005129845544787
ablation,ipd,lola_style,89,0,22.003353616975065,0.7566890696305605,0.8361668997545759
ablation,ipd,lola_style,90,0,17.212629003706486,0.023194839467253772,0.4516704355451388
ablation,ipd,lola_style,91,0,25.63031443255386,0.0054398951918350645,0.501040619666582
ablation,ipd,lola_style,92,1,28.94216043604645,0.994854759568008,0.9954191987916292
ablation,ipd,lola_style,93,0,28.382335304583663,0.05576784663967435,0.5170263214075199
ablation,ipd,lola_style,94,1,28.89580221201286,0.997714360427871,0.9980050730276198
ablation,ipd,lola_style,95,1,28.958743702881584,0.9960068086547358,0.9963608206258039
ablation,ipd,lola_style,96,0,22.821813846260845,0.031580262384673013,0.09489402712889147
ablation,ipd,lola_style,97,0,9.78437817053468,0.013194339250363717,0.014669188029025972
ablation,ipd,lola_style,98,0,27.33703418414868,0.0057592398640483695,0.5023174581703803
ablation,ipd,lola_style,99,0,9.788839203129108,0.006055074890853203,0.014615564928682939
ablation,ipd,meta_mapg,0,1,28.713254939469287,0.9835701567667768,0.9866031348063043
ablation,ipd,meta_mapg,1,0,25.61812902201883,0.336648216753677,0.6671263525110815
ablation,ipd,meta_mapg,2,1,28.949015413746757,0.9988478273619953,0.9988710117556772
ablation,ipd,meta_mapg,3,0,24.16780064217463,0.0068050488416410695,0.5028711511514032
ablation,ipd,meta_mapg,4,0,26.309944349223784,0.00979680104675009,0.5041746971044648
ablation,ipd,meta_mapg,5,0,9.857780350579343,0.010054657781914387,0.01311349775663349
ablation,ipd,meta_mapg,6,0,24.158302914288157,0.005147828408596036,0.5016270228197403
ablation,ipd,meta_mapg,7,0,25.078341436324965,0.02271845870410096,0.5100078052236633
ablation,ipd,meta_mapg,8,0,24.106450782380822,0.004986545705683337,0.5016969267471801
ablation,ipd,meta_mapg,9,0,10.257695318009297,0.019227709628870073,0.0377686046785819
ablation,ipd,meta_mapg,10,0,17.3081849412394,0.007743871906556287,0.011653389605730815
ablation,ipd,meta_mapg,11,0,24.353523593820626,0.04344125075020985,0.5209271545275751
ablation,ipd,meta_mapg,12,1,28.86646439049321,0.9980516197119199,0.998149302148633
ablation,ipd,meta_mapg,13,0,17.25459126571101,0.008013973768174205,0.12279967945679225
ablation,ipd,meta_mapg,14,0,24.151049083382475,0.00462806693479813,0.5007786323761438
ablation,ipd,meta_mapg,15,1,28.72796065032889,0.9907806694317983,0.9914946301781656
ablation,ipd,meta_mapg,16,0,9.843505311873868,0.026334530767950514,0.031866665501640454
ablation,ipd,meta_mapg,17,0,23.02077598336002,0.009828448976348953,0.499418069215783
ablation,ipd,meta_mapg,18,0,10.395690038791928,0.029497856355735288,0.11324189679017777
ablation,ipd,meta_mapg,19,1,28.953435160398392,0.9987551857412665,0.9988332325006757
ablation,ipd,meta_mapg,20,1,28.668770405902777,0.9900093888036082,0.9930685249862979
ablation,ipd,meta_mapg,21,1,28.80794625182023,0.9930995058247283,0.9939234033882969
ablation,ipd,meta_mapg,22,1,28.94756843982119,0.9987027796994375,0.9987261808246932
ablation,ipd,meta_mapg,23,1,24.671786316613204,0.9881603665487101,0.9894170653358146
ablation,ipd,meta_mapg,24,0,12.573310544443299,0.03310041355615591,0.04528203688441226
ablation,ipd,meta_mapg,25,0,24.33175837507455,0.01604780628766373,0.5017404941420874
ablation,ipd,meta_mapg,26,0,24.21333450001458,0.12379131839589491,0.5610170622878862
ablation,ipd,meta_mapg,27,1,28.513020618714982,0.9800538829058438,0.9860565067004327
ablation,ipd,meta_mapg,28,1,28.849033558795647,0.9689246037423908,0.981809496940449
ablation,ipd,meta_mapg,29,0,24.149442119759968,0.021082565847604744,0.5096265889690411
ablation,ipd,meta_mapg,30,1,28.956280737697984,0.9943255510092421,0.9949748795449902
ablation,ipd,meta_mapg,31,0,16.877840986885076,0.03354047727569759,0.11125469172666108
ablation,ipd,meta_mapg,32,0,24.08161354106067,0.006627719445985364,0.5020304117920286
ablation,ipd,meta_mapg,33,0,24.157745061793165,0.004014096426584015,0.500858404704522
ablation,ipd,meta_mapg,34,1,28.405660281214338,0.9972096692613913,0.9976507397858028
ablation,ipd,meta_mapg,35,0,24.124988295504668,0.013241091487534154,0.49387742202166773
ablation,ipd,meta_mapg,36,1,28.74009276118246,0.9854542689844396,0.9901296878207491
ablation,ipd,meta_mapg,37,0,22.472749788503044,0.05941834063795981,0.20960663749209688
ablation,ipd,meta_mapg,38,0,10.676263501533331,0.001656644761963258,0.24896774304912914
ablation,ipd,meta_mapg,39,0,22.929228055273747,0.005967441072085009,0.5009546236362877
ablation,ipd,meta_mapg,40,0,24.060744798379503,0.01862187107294514,0.5059018047064192
ablation,ipd,meta_mapg,41,1,28.665105724179497,0.9738711843660003,0.9827719737725171
ablation,ipd,meta_mapg,42,0,9.807442885404775,0.013305494993351557,0.02195824552290909
ablation,ipd,meta_mapg,43,0,24.022460482146926,0.01943271418536626,0.508140519041847
ablation,ipd,meta_mapg,44,0,16.915905939466267,0.009690738395623939,0.30377559960426154
ablation,ipd,meta_mapg,45,0,24.148244784496978,0.018441460335628677,0.508302368308093
ablation,ipd,meta_mapg,46,0,25.949691976164665,0.05194575094863925,0.10917276358801811
ablation,ipd,meta_mapg,47,1,28.403428735011076,0.9458344305116403,0.9616343720235432
ablation,ipd,meta_mapg,48,1,28.89192897894668,0.9964579997777713,0.9966648236879834
ablation,ipd,meta_mapg,49,0,24.137040081922184,0.005097863430573583,0.49939770384416715
ablation,ipd,meta_mapg,50,1,28.94434945477783,0.9967392973456571,0.9972331574835411
ablation,ipd,meta_mapg,51,0,24.427351464248215,0.004133429292926778,0.015455688831704421
ablation,ipd,meta_mapg,52,0,17.242007445787927,0.013346063002481985,0.47970711391044063
ablation,ipd,meta_mapg,53,0,9.809665324775647,0.013241934171583888,0.01979397422282276
ablation,ipd,meta_mapg,54,0,23.6002199382745,0.010157744580719283,0.4098072623662452
ablation,ipd,meta_mapg,55,0,9.836538788923626,0.019302333313228635,0.029217990687278688
ablation,ipd,meta_mapg,56,0,24.082064682893375,0.004627354958710005,0.49422355027480575
ablation,ipd,meta_mapg,57,0,24.204205085746946,0.02115255667176347,0.5064943534039634
ablation,ipd,meta_mapg,58,1,28.87460902582206,0.9899814187629659,0.9931065850145335
ablation,ipd,meta_mapg,59,1,28.403425494543086,0.996762498360611,0.9978159619960361
ablation,ipd,meta_mapg,60,0,9.770756741074795,0.008411397029608662,0.013695695215981931
ablation,ipd,meta_mapg,61,1,28.93993241188953,0.9986040212850487,0.9986606026537022
ablation,ipd,meta_mapg,62,0,23.98025536012669,0.3198385983442206,0.61439884323936
ablation,ipd,meta_mapg,63,0,14.138501696509739,0.007453244384967896,0.4948607884430622
ablation,ipd,meta_mapg,64,1,27.863404878680388,0.9425836209798855,0.9700819639076625
ablation,ipd,meta_mapg,65,1,28.936675668502183,0.9983631167126114,0.9985195271713279
ablation,ipd,meta_mapg,66,1,28.92962409637581,0.9935303919304713,0.9949525496434537
ablation,ipd,meta_mapg,67,1,28.967125076738224,0.9974677029676929,0.9981792587503238
ablation,ipd,meta_mapg,68,0,20.66386711647354,0.005555887930039328,0.4964681827491398
ablation,ipd,meta_mapg,69,0,24.208493137742142,0.016112212580577746,0.5072713581883105
ablation,ipd,meta_mapg,70,0,13.031019410923456,0.013299004507551036,0.4842395676776989
ablation,ipd,meta_mapg,71,0,9.856314972623185,0.026406092724416696,0.027668787279588866
ablation,ipd,meta_mapg,72,1,28.571135131168433,0.8893172687567755,0.9209363888306645
ablation,ipd,meta_mapg,73,1,28.954883609938623,0.9983949619013569,0.9986567908784025
ablation,ipd,meta_mapg,74,0,23.943714450013506,0.03787306299634916,0.5149918941390784
ablation,ipd,meta_mapg,75,0,16.320119168002506,0.014567316034416331,0.017613128124335728
ablation,ipd,meta_mapg,76,1,28.480502108806547,0.9725771702144834,0.9842462962100853
ablation,ipd,meta_mapg,77,0,9.785333475682306,0.014606073557663543,0.015903655462230794
ablation,ipd,meta_mapg,78,1,28.39487925215157,0.9901943294507327,0.9910679915494837
ablation,ipd,meta_mapg,79,0,16.823322806870387,0.01514260798529941,0.05324783034199846
ablation,ipd,meta_mapg,80,1,28.96750266578153,0.9987336786502906,0.9987629408982557
ablation,ipd,meta_mapg,81,0,22.19656427075465,0.059092754724276705,0.16033481675907357
ablation,ipd,meta_mapg,82,1,28.802486760151325,0.9925131067301254,0.992567460719345
ablation,ipd,meta_mapg,83,0,26.797868353567754,0.11479062653254399,0.5468418713011388
ablation,ipd,meta_mapg,84,1,28.929217617707998,0.994635290500814,0.9952305910822741
ablation,ipd,meta_mapg,85,0,23.847349070836877,0.005190948942374665,0.49560609007756207
ablation,ipd,meta_mapg,86,0,24.17473499544926,0.020962272862970834,0.5051144817494696
ablation,ipd,meta_mapg,87,0,9.944115372844198,0.010552296562167178,0.04208376454266473
ablation,ipd,meta_mapg,88,0,24.160006276708994,0.008183197381633233,0.5011504061938717
ablation,ipd,meta_mapg,89,0,19.98606832785149,0.005504953939933354,0.49770097404993413
ablation,ipd,meta_mapg,90,1,28.93551039380411,0.9969132708741539,0.9976630492437224
ablation,ipd,meta_mapg,91,0,23.32171530187936,0.007680748671170589,0.5025118158310309
ablation,ipd,meta_mapg,92,1,28.660214603597158,0.9928763825782143,0.9954214835737016
ablation,ipd,meta_mapg,93,0,10.819307753999219,0.024209588996263357,0.2867439486632774
ablation,ipd,meta_mapg,94,1,28.94277506652685,0.9985648462399322,0.9985878147017848
ablation,ipd,meta_mapg,95,0,28.68857459253759,0.8151608705897553,0.9070525209531769
ablation,ipd,meta_mapg,96,1,28.95205371437335,0.9969104278398488,0.997612546212908
ablation,ipd,meta_mapg,97,0,24.16755418874238,0.008055760639073383,0.5017216867105886
ablation,ipd,meta_mapg,98,1,28.900618817690354,0.9959040473513385,0.9967820933197145
ablation,ipd,meta_mapg,99,0,10.011455134397163,0.005476761384496627,0.043780294245458234
