experiment,game,method,init_p1,init_p2,success,final_coop_min
basin,stag_hunt,standard_pg,0.05,0.05,0,0.00927416563317702
basin,stag_hunt,standard_pg,0.05,0.095,0,0.009496729032100477
basin,stag_hunt,standard_pg,0.05,0.14,0,0.009437125044855933
basin,stag_hunt,standard_pg,0.05,0.185,0,0.009274918038356677
basin,stag_hunt,standard_pg,0.05,0.22999999999999998,0,0.009708378534096328
basin,stag_hunt,standard_pg,0.05,0.27499999999999997,0,0.009438477105865746
basin,stag_hunt,standard_pg,0.05,0.32,0,0.009525960643657126
basin,stag_hunt,standard_pg,0.05,0.365,0,0.009692883083884211
basin,stag_hunt,standard_pg,0.05,0.41,0,0.009415742165438092
basin,stag_hunt,standard_pg,0.05,0.45499999999999996,0,0.009618027347966587
basin,stag_hunt,standard_pg,0.05,0.49999999999999994,0,0.009822001749344623
basin,stag_hunt,standard_pg,0.05,0.545,0,0.009710034229970858
basin,stag_hunt,standard_pg,0.05,0.5900000000000001,0,0.009847154720719186
basin,stag_hunt,standard_pg,0.05,0.635,0,0.0099687443625282
basin,stag_hunt,standard_pg,0.05,0.68,0,0.010193829440002432
basin,stag_hunt,standard_pg,0.05,0.725,0,0.010438416684781631
basin,stag_hunt,standard_pg,0.05,0.77,0,0.01043470495456648
basin,stag_hunt,standard_pg,0.05,0.8150000000000001,0,0.01077325321745852
basin,stag_hunt,standard_pg,0.05,0.86,0,0.011196954782004219
basin,stag_hunt,standard_pg,0.05,0.905,0,0.011694225090698241
basin,stag_hunt,standard_pg,0.05,0.95,0,0.015880733362278434
basin,stag_hunt,standard_pg,0.095,0.05,0,0.009366018157472903
basin,stag_hunt,standard_pg,0.095,0.095,0,0.010474032730977434
basin,stag_hunt,standard_pg,0.095,0.14,0,0.01040805543201509
basin,stag_hunt,standard_pg,0.095,0.185,0,0.010414094855104503
basin,stag_hunt,standard_pg,0.095,0.22999999999999998,0,0.010656286225282079
basin,stag_hunt,standard_pg,0.095,0.27499999999999997,0,0.010760587729184062
basin,stag_hunt,standard_pg,0.095,0.32,0,0.010813052017104512
basin,stag_hunt,standard_pg,0.095,0.365,0,0.01078094529778569
basin,stag_hunt,standard_pg,0.095,0.41,0,0.01055194897179448
basin,stag_hunt,standard_pg,0.095,0.45499999999999996,0,0.01100036765495683
basin,stag_hunt,standard_pg,0.095,0.49999999999999994,0,0.010696587188329358
basin,stag_hunt,standard_pg,0.095,0.545,0,0.010762772442884434
basin,stag_hunt,standard_pg,0.095,0.5900000000000001,0,0.011248633134511906
basin,stag_hunt,standard_pg,0.095,0.635,0,0.011019655032480185
basin,stag_hunt,standard_pg,0.095,0.68,0,0.01144335074942078
basin,stag_hunt,standard_pg,0.095,0.725,0,0.01139678491947216
basin,stag_hunt,standard_pg,0.095,0.77,0,0.011558299086471139
basin,stag_hunt,standard_pg,0.095,0.8150000000000001,0,0.012398913283024986
basin,stag_hunt,standard_pg,0.095,0.86,0,0.012869917603901366
basin,stag_hunt,standard_pg,0.095,0.905,0,0.01366041454048765
basin,stag_hunt,standard_pg,0.095,0.95,0,0.025661312167260048
basin,stag_hunt,standard_pg,0.14,0.05,0,0.009457361949611519
basin,stag_hunt,standard_pg,0.14,0.095,0,0.01055660320461671
basin,stag_hunt,standard_pg,0.14,0.14,0,0.010845538532036325
basin,stag_hunt,standard_pg,0.14,0.185,0,0.011003769527048122
basin,stag_hunt,standard_pg,0.14,0.22999999999999998,0,0.011140776052131178
basin,stag_hunt,standard_pg,0.14,0.27499999999999997,0,0.0111091731224239
basin,stag_hunt,standard_pg,0.14,0.32,0,0.011150529413426672
basin,stag_hunt,standard_pg,0.14,0.365,0,0.01144089164396254
basin,stag_hunt,standard_pg,0.14,0.41,0,0.01163542723296376
basin,stag_hunt,standard_pg,0.14,0.45499999999999996,0,0.011351024540670215
basin,stag_hunt,standard_pg,0.14,0.49999999999999994,0,0.01136342591750492
basin,stag_hunt,standard_pg,0.14,0.545,0,0.011760930672991462
basin,stag_hunt,standard_pg,0.14,0.5900000000000001,0,0.011425776807904527
basin,stag_hunt,standard_pg,0.14,0.635,0,0.011976044403875234
basin,stag_hunt,standard_pg,0.14,0.68,0,0.012135479318086272
basin,stag_hunt,standard_pg,0.14,0.725,0,0.012252677227322737
basin,stag_hunt,standard_pg,0.14,0.77,0,0.013426248339056281
basin,stag_hunt,standard_pg,0.14,0.8150000000000001,0,0.0134051813747349
basin,stag_hunt,standard_pg,0.14,0.86,0,0.014916641122060998
basin,stag_hunt,standard_pg,0.14,0.905,0,0.016257428109165337
basin,stag_hunt,standard_pg,0.14,0.95,0,0.05169571306029437
basin,stag_hunt,standard_pg,0.185,0.05,0,0.009474337411338334
basin,stag_hunt,standard_pg,0.185,0.095,0,0.010503358474878592
basin,stag_hunt,standard_pg,0.185,0.14,0,0.011081806521123677
basin,stag_hunt,standard_pg,0.185,0.185,0,0.01121405039425217
basin,stag_hunt,standard_pg,0.185,0.22999999999999998,0,0.011610439421900398
basin,stag_hunt,standard_pg,0.185,0.27499999999999997,0,0.011471235851923394
basin,stag_hunt,standard_pg,0.185,0.32,0,0.011471401714515123
basin,stag_hunt,standard_pg,0.185,0.365,0,0.011547071061008869
basin,stag_hunt,standard_pg,0.185,0.41,0,0.011851146198589452
basin,stag_hunt,standard_pg,0.185,0.45499999999999996,0,0.011895079202275527
basin,stag_hunt,standard_pg,0.185,0.49999999999999994,0,0.011798343099590417
basin,stag_hunt,standard_pg,0.185,0.545,0,0.012178879168179294
basin,stag_hunt,standard_pg,0.185,0.5900000000000001,0,0.012224694255155731
basin,stag_hunt,standard_pg,0.185,0.635,0,0.012051784551489407
basin,stag_hunt,standard_pg,0.185,0.68,0,0.012397818602378005
basin,stag_hunt,standard_pg,0.185,0.725,0,0.013101067185046824
basin,stag_hunt,standard_pg,0.185,0.77,0,0.013069423729148594
basin,stag_hunt,standard_pg,0.185,0.8150000000000001,0,0.013648136466858704
basin,stag_hunt,standard_pg,0.185,0.86,0,0.014397696590620249
basin,stag_hunt,standard_pg,0.185,0.905,0,0.018127733477264124
basin,stag_hunt,standard_pg,0.185,0.95,1,0.9644723126673336
basin,stag_hunt,standard_pg,0.22999999999999998,0.05,0,0.009394114199653667
basin,stag_hunt,standard_pg,0.22999999999999998,0.095,0,0.010584641225687537
basin,stag_hunt,standard_pg,0.22999999999999998,0.14,0,0.011059175250532042
basin,stag_hunt,standard_pg,0.22999999999999998,0.185,0,0.011715099501664949
basin,stag_hunt,standard_pg,0.22999999999999998,0.22999999999999998,0,0.011717110575727753
basin,stag_hunt,standard_pg,0.22999999999999998,0.27499999999999997,0,0.011750650836276974
basin,stag_hunt,standard_pg,0.22999999999999998,0.32,0,0.011754622247813469
basin,stag_hunt,standard_pg,0.22999999999999998,0.365,0,0.01214445740422984
basin,stag_hunt,standard_pg,0.22999999999999998,0.41,0,0.011970562677579982
basin,stag_hunt,standard_pg,0.22999999999999998,0.45499999999999996,0,0.012120284312430334
basin,stag_hunt,standard_pg,0.22999999999999998,0.49999999999999994,0,0.01223123108035166
basin,stag_hunt,standard_pg,0.22999999999999998,0.545,0,0.012476155659794633
basin,stag_hunt,standard_pg,0.22999999999999998,0.5900000000000001,0,0.012963761059326666
basin,stag_hunt,standard_pg,0.22999999999999998,0.635,0,0.012356373727303782
basin,stag_hunt,standard_pg,0.22999999999999998,0.68,0,0.012922953732081494
basin,stag_hunt,standard_pg,0.22999999999999998,0.725,0,0.013405858150348414
basin,stag_hunt,standard_pg,0.22999999999999998,0.77,0,0.01397280660990689
basin,stag_hunt,standard_pg,0.22999999999999998,0.8150000000000001,0,0.014707814575080459
basin,stag_hunt,standard_pg,0.22999999999999998,0.86,0,0.017723817982857815
basin,stag_hunt,standard_pg,0.22999999999999998,0.905,0,0.029355503634966244
basin,stag_hunt,standard_pg,0.22999999999999998,0.95,1,0.9591109633967124
basin,stag_hunt,standard_pg,0.27499999999999997,0.05,0,0.009881162367749753
basin,stag_hunt,standard_pg,0.27499999999999997,0.095,0,0.010681269885677877
basin,stag_hunt,standard_pg,0.27499999999999997,0.14,0,0.010931945654927448
basin,stag_hunt,standard_pg,0.27499999999999997,0.185,0,0.011480651917016126
basin,stag_hunt,standard_pg,0.27499999999999997,0.22999999999999998,0,0.012109902891801026
basin,stag_hunt,standard_pg,0.27499999999999997,0.27499999999999997,0,0.011861672951816903
basin,stag_hunt,standard_pg,0.27499999999999997,0.32,0,0.012082448969308799
basin,stag_hunt,standard_pg,0.27499999999999997,0.365,0,0.011996961070501907
basin,stag_hunt,standard_pg,0.27499999999999997,0.41,0,0.01187760021936121
basin,stag_hunt,standard_pg,0.27499999999999997,0.45499999999999996,0,0.012609028768274912
basin,stag_hunt,standard_pg,0.27499999999999997,0.49999999999999994,0,0.012359069790022634
basin,stag_hunt,standard_pg,0.27499999999999997,0.545,0,0.012334475534996416
basin,stag_hunt,standard_pg,0.27499999999999997,0.5900000000000001,0,0.013231870671642833
basin,stag_hunt,standard_pg,0.27499999999999997,0.635,0,0.012851187249489525
basin,stag_hunt,standard_pg,0.27499999999999997,0.68,0,0.013212608659375473
basin,stag_hunt,standard_pg,0.27499999999999997,0.725,0,0.013782752635830706
basin,stag_hunt,standard_pg,0.27499999999999997,0.77,0,0.01455850390387188
basin,stag_hunt,standard_pg,0.27499999999999997,0.8150000000000001,0,0.015050554280232472
basin,stag_hunt,standard_pg,0.27499999999999997,0.86,0,0.017614676410988364
basin,stag_hunt,standard_pg,0.27499999999999997,0.905,0,0.039475490513425936
basin,stag_hunt,standard_pg,0.27499999999999997,0.95,1,0.9679522642640326
basin,stag_hunt,standard_pg,0.32,0.05,0,0.00977135985396137
basin,stag_hunt,standard_pg,0.32,0.095,0,0.01064842014095599
basin,stag_hunt,standard_pg,0.32,0.14,0,0.011599211597403184
basin,stag_hunt,standard_pg,0.32,0.185,0,0.011859167731352089
basin,stag_hunt,standard_pg,0.32,0.22999999999999998,0,0.01170977902848728
basin,stag_hunt,standard_pg,0.32,0.27499999999999997,0,0.012121828821180111
basin,stag_hunt,standard_pg,0.32,0.32,0,0.012371803934747272
basin,stag_hunt,standard_pg,0.32,0.365,0,0.01244568086422051
basin,stag_hunt,standard_pg,0.32,0.41,0,0.012374562122107021
basin,stag_hunt,standard_pg,0.32,0.45499999999999996,0,0.012767685390396718
basin,stag_hunt,standard_pg,0.32,0.49999999999999994,0,0.012868763241097472
basin,stag_hunt,standard_pg,0.32,0.545,0,0.013054171966789548
basin,stag_hunt,standard_pg,0.32,0.5900000000000001,0,0.013109924612906899
basin,stag_hunt,standard_pg,0.32,0.635,0,0.01286319440724756
basin,stag_hunt,standard_pg,0.32,0.68,0,0.013802214718990773
basin,stag_hunt,standard_pg,0.32,0.725,0,0.014484992729745393
basin,stag_hunt,standard_pg,0.32,0.77,0,0.014734147070923239
basin,stag_hunt,standard_pg,0.32,0.8150000000000001,0,0.014659814472517532
basin,stag_hunt,standard_pg,0.32,0.86,0,0.01699639151324174
basin,stag_hunt,standard_pg,0.32,0.905,1,0.9496866894257522
basin,stag_hunt,standard_pg,0.32,0.95,1,0.9673953381648699
basin,stag_hunt,standard_pg,0.365,0.05,0,0.009908490319795757
basin,stag_hunt,standard_pg,0.365,0.095,0,0.010958729091007128
basin,stag_hunt,standard_pg,0.365,0.14,0,0.01125170455171574
basin,stag_hunt,standard_pg,0.365,0.185,0,0.011930832766658747
basin,stag_hunt,standard_pg,0.365,0.22999999999999998,0,0.011892909527645556
basin,stag_hunt,standard_pg,0.365,0.27499999999999997,0,0.012145265055607177
basin,stag_hunt,standard_pg,0.365,0.32,0,0.012449507517916498
basin,stag_hunt,standard_pg,0.365,0.365,0,0.012505547315377251
basin,stag_hunt,standard_pg,0.365,0.41,0,0.012616131219100704
basin,stag_hunt,standard_pg,0.365,0.45499999999999996,0,0.013038121022731967
basin,stag_hunt,standard_pg,0.365,0.49999999999999994,0,0.012629837192997534
basin,stag_hunt,standard_pg,0.365,0.545,0,0.013371936068707018
basin,stag_hunt,standard_pg,0.365,0.5900000000000001,0,0.013447580034483863
basin,stag_hunt,standard_pg,0.365,0.635,0,0.013436353404913568
basin,stag_hunt,standard_pg,0.365,0.68,0,0.013458169352023475
basin,stag_hunt,standard_pg,0.365,0.725,0,0.014352260787974296
basin,stag_hunt,standard_pg,0.365,0.77,0,0.01600199002475509
basin,stag_hunt,standard_pg,0.365,0.8150000000000001,0,0.01602338078140274
basin,stag_hunt,standard_pg,0.365,0.86,0,0.020448984415034024
basin,stag_hunt,standard_pg,0.365,0.905,1,0.9588453293796265
basin,stag_hunt,standard_pg,0.365,0.95,1,0.9770086989355856
basin,stag_hunt,standard_pg,0.41,0.05,0,0.009686349235371865
basin,stag_hunt,standard_pg,0.41,0.095,0,0.010412123131465178
basin,stag_hunt,standard_pg,0.41,0.14,0,0.011740735964495047
basin,stag_hunt,standard_pg,0.41,0.185,0,0.01192051720121436
basin,stag_hunt,standard_pg,0.41,0.22999999999999998,0,0.012030885378627619
basin,stag_hunt,standard_pg,0.41,0.27499999999999997,0,0.012615570178560086
basin,stag_hunt,standard_pg,0.41,0.32,0,0.012540325196865596
basin,stag_hunt,standard_pg,0.41,0.365,0,0.012313613461859652
basin,stag_hunt,standard_pg,0.41,0.41,0,0.012889990390196554
basin,stag_hunt,standard_pg,0.41,0.45499999999999996,0,0.013216415357175517
basin,stag_hunt,standard_pg,0.41,0.49999999999999994,0,0.012888295328470778
basin,stag_hunt,standard_pg,0.41,0.545,0,0.012894421057950321
basin,stag_hunt,standard_pg,0.41,0.5900000000000001,0,0.013755736682172622
basin,stag_hunt,standard_pg,0.41,0.635,0,0.013127900453774754
basin,stag_hunt,standard_pg,0.41,0.68,0,0.01458706456111085
basin,stag_hunt,standard_pg,0.41,0.725,0,0.014867206019494662
basin,stag_hunt,standard_pg,0.41,0.77,0,0.016082984228848147
basin,stag_hunt,standard_pg,0.41,0.8150000000000001,0,0.015890732651294363
basin,stag_hunt,standard_pg,0.41,0.86,1,0.9404753626063296
basin,stag_hunt,standard_pg,0.41,0.905,1,0.9610433771113086
basin,stag_hunt,standard_pg,0.41,0.95,1,0.9696544093668572
basin,stag_hunt,standard_pg,0.45499999999999996,0.05,0,0.010007428175014859
basin,stag_hunt,standard_pg,0.45499999999999996,0.095,0,0.010983152474228873
basin,stag_hunt,standard_pg,0.45499999999999996,0.14,0,0.011568484334539999
basin,stag_hunt,standard_pg,0.45499999999999996,0.185,0,0.01180067645820297
basin,stag_hunt,standard_pg,0.45499999999999996,0.22999999999999998,0,0.01184914238439663
basin,stag_hunt,standard_pg,0.45499999999999996,0.27499999999999997,0,0.01279494959055509
basin,stag_hunt,standard_pg,0.45499999999999996,0.32,0,0.01230423170792137
basin,stag_hunt,standard_pg,0.45499999999999996,0.365,0,0.012807586519590628
basin,stag_hunt,standard_pg,0.45499999999999996,0.41,0,0.012886030029476582
basin,stag_hunt,standard_pg,0.45499999999999996,0.45499999999999996,0,0.01307207734031179
basin,stag_hunt,standard_pg,0.45499999999999996,0.49999999999999994,0,0.013023941301716373
basin,stag_hunt,standard_pg,0.45499999999999996,0.545,0,0.01293954276924751
basin,stag_hunt,standard_pg,0.45499999999999996,0.5900000000000001,0,0.01384917439875345
basin,stag_hunt,standard_pg,0.45499999999999996,0.635,0,0.014741973698746321
basin,stag_hunt,standard_pg,0.45499999999999996,0.68,0,0.016338017943725032
basin,stag_hunt,standard_pg,0.45499999999999996,0.725,0,0.014889323912984309
basin,stag_hunt,standard_pg,0.45499999999999996,0.77,0,0.016386855631064977
basin,stag_hunt,standard_pg,0.45499999999999996,0.8150000000000001,1,0.9497693107177965
basin,stag_hunt,standard_pg,0.45499999999999996,0.86,1,0.9569465833880676
basin,stag_hunt,standard_pg,0.45499999999999996,0.905,1,0.9662634958471598
basin,stag_hunt,standard_pg,0.45499999999999996,0.95,1,0.9735098557577803
basin,stag_hunt,standard_pg,0.49999999999999994,0.05,0,0.009715939082446725
basin,stag_hunt,standard_pg,0.49999999999999994,0.095,0,0.010928153293904733
basin,stag_hunt,standard_pg,0.49999999999999994,0.14,0,0.011673334632043727
basin,stag_hunt,standard_pg,0.49999999999999994,0.185,0,0.01162271346267919
basin,stag_hunt,standard_pg,0.49999999999999994,0.22999999999999998,0,0.012488613583579644
basin,stag_hunt,standard_pg,0.49999999999999994,0.27499999999999997,0,0.012441778876344255
basin,stag_hunt,standard_pg,0.49999999999999994,0.32,0,0.013359000534544235
basin,stag_hunt,standard_pg,0.49999999999999994,0.365,0,0.013390107696019239
basin,stag_hunt,standard_pg,0.49999999999999994,0.41,0,0.01310590942028655
basin,stag_hunt,standard_pg,0.49999999999999994,0.45499999999999996,0,0.01319188465005085
basin,stag_hunt,standard_pg,0.49999999999999994,0.49999999999999994,0,0.012928892907235352
basin,stag_hunt,standard_pg,0.49999999999999994,0.545,0,0.013402077311150687
basin,stag_hunt,standard_pg,0.49999999999999994,0.5900000000000001,0,0.014243514485138916
basin,stag_hunt,standard_pg,0.49999999999999994,0.635,0,0.013831826096373987
basin,stag_hunt,standard_pg,0.49999999999999994,0.68,0,0.016595739860689903
basin,stag_hunt,standard_pg,0.49999999999999994,0.725,0,0.016395693599389576
basin,stag_hunt,standard_pg,0.49999999999999994,0.77,0,0.05235827728789684
basin,stag_hunt,standard_pg,0.49999999999999994,0.8150000000000001,0,0.03504844046510725
basin,stag_hunt,standard_pg,0.49999999999999994,0.86,1,0.9638148967444881
basin,stag_hunt,standard_pg,0.49999999999999994,0.905,1,0.9687496147448376
basin,stag_hunt,standard_pg,0.49999999999999994,0.95,1,0.9695891280876399
basin,stag_hunt,standard_pg,0.545,0.05,0,0.009862721778834222
basin,stag_hunt,standard_pg,0.545,0.095,0,0.0112260267402124
basin,stag_hunt,standard_pg,0.545,0.14,0,0.011912279384363705
basin,stag_hunt,standard_pg,0.545,0.185,0,0.011994437519108683
basin,stag_hunt,standard_pg,0.545,0.22999999999999998,0,0.012759390284245602
basin,stag_hunt,standard_pg,0.545,0.27499999999999997,0,0.012475782445063765
basin,stag_hunt,standard_pg,0.545,0.32,0,0.012583188430871022
basin,stag_hunt,standard_pg,0.545,0.365,0,0.013103963391102999
basin,stag_hunt,standard_pg,0.545,0.41,0,0.012883956548958317
basin,stag_hunt,standard_pg,0.545,0.45499999999999996,0,0.013753469567827149
basin,stag_hunt,standard_pg,0.545,0.49999999999999994,0,0.013425138954285884
basin,stag_hunt,standard_pg,0.545,0.545,0,0.014722513379124696
basin,stag_hunt,standard_pg,0.545,0.5900000000000001,0,0.015593333349721196
basin,stag_hunt,standard_pg,0.545,0.635,0,0.015070944423556113
basin,stag_hunt,standard_pg,0.545,0.68,0,0.016896096708079702
basin,stag_hunt,standard_pg,0.545,0.725,0,0.020862434647409656
basin,stag_hunt,standard_pg,0.545,0.77,1,0.9495818706600766
basin,stag_hunt,standard_pg,0.545,0.8150000000000001,1,0.9591049445706669
basin,stag_hunt,standard_pg,0.545,0.86,1,0.9643203777297004
basin,stag_hunt,standard_pg,0.545,0.905,1,0.9646863791101634
basin,stag_hunt,standard_pg,0.545,0.95,1,0.9743325476157966
basin,stag_hunt,standard_pg,0.5900000000000001,0.05,0,0.009653867666978998
basin,stag_hunt,standard_pg,0.5900000000000001,0.095,0,0.011352735624478406
basin,stag_hunt,standard_pg,0.5900000000000001,0.14,0,0.01173585770844689
basin,stag_hunt,standard_pg,0.5900000000000001,0.185,0,0.012207084368381757
basin,stag_hunt,standard_pg,0.5900000000000001,0.22999999999999998,0,0.01224440537929496
basin,stag_hunt,standard_pg,0.5900000000000001,0.27499999999999997,0,0.012514858560342597
basin,stag_hunt,standard_pg,0.5900000000000001,0.32,0,0.013071014108559919
basin,stag_hunt,standard_pg,0.5900000000000001,0.365,0,0.013272230276534453
basin,stag_hunt,standard_pg,0.5900000000000001,0.41,0,0.013250439251941271
basin,stag_hunt,standard_pg,0.5900000000000001,0.45499999999999996,0,0.013079461997105187
basin,stag_hunt,standard_pg,0.5900000000000001,0.49999999999999994,0,0.014176446733860364
basin,stag_hunt,standard_pg,0.5900000000000001,0.545,0,0.015125485412588563
basin,stag_hunt,standard_pg,0.5900000000000001,0.5900000000000001,0,0.014855272668199393
basin,stag_hunt,standard_pg,0.5900000000000001,0.635,0,0.017141087644646613
basin,stag_hunt,standard_pg,0.5900000000000001,0.68,1,0.9519569989660503
basin,stag_hunt,standard_pg,0.5900000000000001,0.725,0,0.02045784095932091
basin,stag_hunt,standard_pg,0.5900000000000001,0.77,1,0.9646672833686089
basin,stag_hunt,standard_pg,0.5900000000000001,0.8150000000000001,1,0.9586702750682272
basin,stag_hunt,standard_pg,0.5900000000000001,0.86,1,0.9646271569005207
basin,stag_hunt,standard_pg,0.5900000000000001,0.905,1,0.9679523959025947
basin,stag_hunt,standard_pg,0.5900000000000001,0.95,1,0.9691598500688051
basin,stag_hunt,standard_pg,0.635,0.05,0,0.009940866895726513
basin,stag_hunt,standard_pg,0.635,0.095,0,0.01146651118921393
basin,stag_hunt,standard_pg,0.635,0.14,0,0.011585253028978414
basin,stag_hunt,standard_pg,0.635,0.185,0,0.012116686797612122
basin,stag_hunt,standard_pg,0.635,0.22999999999999998,0,0.01276999213932887
basin,stag_hunt,standard_pg,0.635,0.27499999999999997,0,0.012710433809653901
basin,stag_hunt,standard_pg,0.635,0.32,0,0.013412009610153833
basin,stag_hunt,standard_pg,0.635,0.365,0,0.01338574831132683
basin,stag_hunt,standard_pg,0.635,0.41,0,0.014946907667590409
basin,stag_hunt,standard_pg,0.635,0.45499999999999996,0,0.014568092036938608
basin,stag_hunt,standard_pg,0.635,0.49999999999999994,0,0.014724068213271843
basin,stag_hunt,standard_pg,0.635,0.545,0,0.015299427960082409
basin,stag_hunt,standard_pg,0.635,0.5900000000000001,0,0.01571041793730605
basin,stag_hunt,standard_pg,0.635,0.635,0,0.01746828703809042
basin,stag_hunt,standard_pg,0.635,0.68,0,0.018156467738977226
basin,stag_hunt,standard_pg,0.635,0.725,1,0.9559303010873574
basin,stag_hunt,standard_pg,0.635,0.77,1,0.9564201942042293
basin,stag_hunt,standard_pg,0.635,0.8150000000000001,1,0.9680387970661718
basin,stag_hunt,standard_pg,0.635,0.86,1,0.9720623506308128
basin,stag_hunt,standard_pg,0.635,0.905,1,0.968231219276101
basin,stag_hunt,standard_pg,0.635,0.95,1,0.9719960581351302
basin,stag_hunt,standard_pg,0.68,0.05,0,0.009932595449101522
basin,stag_hunt,standard_pg,0.68,0.095,0,0.011078237186341086
basin,stag_hunt,standard_pg,0.68,0.14,0,0.011929321412744172
basin,stag_hunt,standard_pg,0.68,0.185,0,0.01285270152662631
basin,stag_hunt,standard_pg,0.68,0.22999999999999998,0,0.012666385700155018
basin,stag_hunt,standard_pg,0.68,0.27499999999999997,0,0.012922723077007552
basin,stag_hunt,standard_pg,0.68,0.32,0,0.013383407234763398
basin,stag_hunt,standard_pg,0.68,0.365,0,0.014069041173617661
basin,stag_hunt,standard_pg,0.68,0.41,0,0.014478590288846325
basin,stag_hunt,standard_pg,0.68,0.45499999999999996,0,0.014152297414290076
basin,stag_hunt,standard_pg,0.68,0.49999999999999994,0,0.017842246864870324
basin,stag_hunt,standard_pg,0.68,0.545,0,0.015295651951998201
basin,stag_hunt,standard_pg,0.68,0.5900000000000001,0,0.021499919853928406
basin,stag_hunt,standard_pg,0.68,0.635,1,0.9612710782785592
basin,stag_hunt,standard_pg,0.68,0.68,1,0.9511041766313628
basin,stag_hunt,standard_pg,0.68,0.725,1,0.9439905011202511
basin,stag_hunt,standard_pg,0.68,0.77,1,0.9655473231498783
basin,stag_hunt,standard_pg,0.68,0.8150000000000001,1,0.9679454210451628
basin,stag_hunt,standard_pg,0.68,0.86,1,0.9687723690812144
basin,stag_hunt,standard_pg,0.68,0.905,1,0.9739167282284695
basin,stag_hunt,standard_pg,0.68,0.95,1,0.9754938186634498
basin,stag_hunt,standard_pg,0.725,0.05,0,0.010570160551267692
basin,stag_hunt,standard_pg,0.725,0.095,0,0.011222336368402487
basin,stag_hunt,standard_pg,0.725,0.14,0,0.012047738694219618
basin,stag_hunt,standard_pg,0.725,0.185,0,0.012786950407278466
basin,stag_hunt,standard_pg,0.725,0.22999999999999998,0,0.013520447700649843
basin,stag_hunt,standard_pg,0.725,0.27499999999999997,0,0.013442830082528287
basin,stag_hunt,standard_pg,0.725,0.32,0,0.013655878903240814
basin,stag_hunt,standard_pg,0.725,0.365,0,0.014207243915747972
basin,stag_hunt,standard_pg,0.725,0.41,0,0.01532753462281366
basin,stag_hunt,standard_pg,0.725,0.45499999999999996,0,0.015246409111509625
basin,stag_hunt,standard_pg,0.725,0.49999999999999994,0,0.03860366861394976
basin,stag_hunt,standard_pg,0.725,0.545,0,0.018523919974973546
basin,stag_hunt,standard_pg,0.725,0.5900000000000001,0,0.7807674395389872
basin,stag_hunt,standard_pg,0.725,0.635,1,0.956349296389226
basin,stag_hunt,standard_pg,0.725,0.68,1,0.9495663854764975
basin,stag_hunt,standard_pg,0.725,0.725,1,0.9602540157822651
basin,stag_hunt,standard_pg,0.725,0.77,1,0.9679159156145082
basin,stag_hunt,standard_pg,0.725,0.8150000000000001,1,0.9698323153234715
basin,stag_hunt,standard_pg,0.725,0.86,1,0.9718642665011987
basin,stag_hunt,standard_pg,0.725,0.905,1,0.9728532461579016
basin,stag_hunt,standard_pg,0.725,0.95,1,0.9713482199567349
basin,stag_hunt,standard_pg,0.77,0.05,0,0.010105377148848162
basin,stag_hunt,standard_pg,0.77,0.095,0,0.011292566431816089
basin,stag_hunt,standard_pg,0.77,0.14,0,0.012286381767655962
basin,stag_hunt,standard_pg,0.77,0.185,0,0.013343093699991095
basin,stag_hunt,standard_pg,0.77,0.22999999999999998,0,0.0141661610369064
basin,stag_hunt,standard_pg,0.77,0.27499999999999997,0,0.014960480970756803
basin,stag_hunt,standard_pg,0.77,0.32,0,0.014771199353030824
basin,stag_hunt,standard_pg,0.77,0.365,0,0.01808770106286134
basin,stag_hunt,standard_pg,0.77,0.41,0,0.016647362956292853
basin,stag_hunt,standard_pg,0.77,0.45499999999999996,0,0.01840419148443742
basin,stag_hunt,standard_pg,0.77,0.49999999999999994,0,0.02660575903012111
basin,stag_hunt,standard_pg,0.77,0.545,1,0.9570909969135089
basin,stag_hunt,standard_pg,0.77,0.5900000000000001,0,0.019551625612140033
basin,stag_hunt,standard_pg,0.77,0.635,1,0.9648777729844294
basin,stag_hunt,standard_pg,0.77,0.68,1,0.967110171769408
basin,stag_hunt,standard_pg,0.77,0.725,1,0.9664981391505005
basin,stag_hunt,standard_pg,0.77,0.77,1,0.9696156253420274
basin,stag_hunt,standard_pg,0.77,0.8150000000000001,1,0.9725824034559899
basin,stag_hunt,standard_pg,0.77,0.86,1,0.972688885220357
basin,stag_hunt,standard_pg,0.77,0.905,1,0.9755829764092613
basin,stag_hunt,standard_pg,0.77,0.95,1,0.9751965403210864
basin,stag_hunt,standard_pg,0.8150000000000001,0.05,0,0.011143661829464045
basin,stag_hunt,standard_pg,0.8150000000000001,0.095,0,0.012013828542413604
basin,stag_hunt,standard_pg,0.8150000000000001,0.14,0,0.013057704431021914
basin,stag_hunt,standard_pg,0.8150000000000001,0.185,0,0.013644918035111545
basin,stag_hunt,standard_pg,0.8150000000000001,0.22999999999999998,0,0.014093233677945497
basin,stag_hunt,standard_pg,0.8150000000000001,0.27499999999999997,0,0.015171083093351526
basin,stag_hunt,standard_pg,0.8150000000000001,0.32,0,0.017597313534591128
basin,stag_hunt,standard_pg,0.8150000000000001,0.365,0,0.017283328203189185
basin,stag_hunt,standard_pg,0.8150000000000001,0.41,1,0.9561693401962422
basin,stag_hunt,standard_pg,0.8150000000000001,0.45499999999999996,1,0.9640890408528023
basin,stag_hunt,standard_pg,0.8150000000000001,0.49999999999999994,1,0.956925550123698
basin,stag_hunt,standard_pg,0.8150000000000001,0.545,1,0.9687596504211267
basin,stag_hunt,standard_pg,0.8150000000000001,0.5900000000000001,1,0.965091365779612
basin,stag_hunt,standard_pg,0.8150000000000001,0.635,1,0.9693386195032181
basin,stag_hunt,standard_pg,0.8150000000000001,0.68,1,0.9669362256292047
basin,stag_hunt,standard_pg,0.8150000000000001,0.725,1,0.9674252648862816
basin,stag_hunt,standard_pg,0.8150000000000001,0.77,1,0.9711316223660705
basin,stag_hunt,standard_pg,0.8150000000000001,0.8150000000000001,1,0.9725654623075626
basin,stag_hunt,standard_pg,0.8150000000000001,0.86,1,0.9705863380329521
basin,stag_hunt,standard_pg,0.8150000000000001,0.905,1,0.9743283923082663
basin,stag_hunt,standard_pg,0.8150000000000001,0.95,1,0.9762695283774924
basin,stag_hunt,standard_pg,0.86,0.05,0,0.011231970075651706
basin,stag_hunt,standard_pg,0.86,0.095,0,0.011598764056485177
basin,stag_hunt,standard_pg,0.86,0.14,0,0.014369658905734209
basin,stag_hunt,standard_pg,0.86,0.185,0,0.014075353166059262
basin,stag_hunt,standard_pg,0.86,0.22999999999999998,0,0.014259521396683256
basin,stag_hunt,standard_pg,0.86,0.27499999999999997,0,0.01622309511991304
basin,stag_hunt,standard_pg,0.86,0.32,0,0.017430468988933006
basin,stag_hunt,standard_pg,0.86,0.365,1,0.9264517770444766
basin,stag_hunt,standard_pg,0.86,0.41,0,0.023263095443327893
basin,stag_hunt,standard_pg,0.86,0.45499999999999996,1,0.96206530437263
basin,stag_hunt,standard_pg,0.86,0.49999999999999994,0,0.022770451015763804
basin,stag_hunt,standard_pg,0.86,0.545,1,0.9654487053543586
basin,stag_hunt,standard_pg,0.86,0.5900000000000001,1,0.9639222448546892
basin,stag_hunt,standard_pg,0.86,0.635,1,0.9641937917825493
basin,stag_hunt,standard_pg,0.86,0.68,1,0.967168597992195
basin,stag_hunt,standard_pg,0.86,0.725,1,0.9725112128146218
basin,stag_hunt,standard_pg,0.86,0.77,1,0.9723044987529492
basin,stag_hunt,standard_pg,0.86,0.8150000000000001,1,0.9721542614216477
basin,stag_hunt,standard_pg,0.86,0.86,1,0.9733524417446985
basin,stag_hunt,standard_pg,0.86,0.905,1,0.9765098892625413
basin,stag_hunt,standard_pg,0.86,0.95,1,0.9768370966985632
basin,stag_hunt,standard_pg,0.905,0.05,0,0.01186713327881798
basin,stag_hunt,standard_pg,0.905,0.095,0,0.014404432623079328
basin,stag_hunt,standard_pg,0.905,0.14,0,0.01718260459718081
basin,stag_hunt,standard_pg,0.905,0.185,0,0.016706864602120806
basin,stag_hunt,standard_pg,0.905,0.22999999999999998,0,0.021246609442200033
basin,stag_hunt,standard_pg,0.905,0.27499999999999997,1,0.9487467675422134
basin,stag_hunt,standard_pg,0.905,0.32,1,0.9649154835821347
basin,stag_hunt,standard_pg,0.905,0.365,1,0.9658272313093095
basin,stag_hunt,standard_pg,0.905,0.41,1,0.9701340486980465
basin,stag_hunt,standard_pg,0.905,0.45499999999999996,1,0.9654920815403341
basin,stag_hunt,standard_pg,0.905,0.49999999999999994,1,0.9678563575686381
basin,stag_hunt,standard_pg,0.905,0.545,1,0.9692962041027459
basin,stag_hunt,standard_pg,0.905,0.5900000000000001,1,0.9718470068872573
basin,stag_hunt,standard_pg,0.905,0.635,1,0.9735865057399156
basin,stag_hunt,standard_pg,0.905,0.68,1,0.9766933704560677
basin,stag_hunt,standard_pg,0.905,0.725,1,0.976186759162348
basin,stag_hunt,standard_pg,0.905,0.77,1,0.9696838120071315
basin,stag_hunt,standard_pg,0.905,0.8150000000000001,1,0.9770564873737433
basin,stag_hunt,standard_pg,0.905,0.86,1,0.9764772577437051
basin,stag_hunt,standard_pg,0.905,0.905,1,0.9787515717918338
basin,stag_hunt,standard_pg,0.905,0.95,1,0.9808798626517297
basin,stag_hunt,standard_pg,0.95,0.05,0,0.015272497287511878
basin,stag_hunt,standard_pg,0.95,0.095,0,0.02651705820265635
basin,stag_hunt,standard_pg,0.95,0.14,1,0.9399867359607773
basin,stag_hunt,standard_pg,0.95,0.185,1,0.9582295870277246
basin,stag_hunt,standard_pg,0.95,0.22999999999999998,1,0.9674962001622832
basin,stag_hunt,standard_pg,0.95,0.27499999999999997,1,0.9674726469937346
basin,stag_hunt,standard_pg,0.95,0.32,1,0.9692354807908393
basin,stag_hunt,standard_pg,0.95,0.365,1,0.9685995666435504
basin,stag_hunt,standard_pg,0.95,0.41,1,0.9720387854787143
basin,stag_hunt,standard_pg,0.95,0.45499999999999996,1,0.9732119373670962
basin,stag_hunt,standard_pg,0.95,0.49999999999999994,1,0.9714538459084134
basin,stag_hunt,standard_pg,0.95,0.545,1,0.9734754281922694
basin,stag_hunt,standard_pg,0.95,0.5900000000000001,1,0.9754075735301846
basin,stag_hunt,standard_pg,0.95,0.635,1,0.9750725992157722
basin,stag_hunt,standard_pg,0.95,0.68,1,0.9729557991696228
basin,stag_hunt,standard_pg,0.95,0.725,1,0.9721403127196693
basin,stag_hunt,standard_pg,0.95,0.77,1,0.9773340546484295
basin,stag_hunt,standard_pg,0.95,0.8150000000000001,1,0.9771547774333981
basin,stag_hunt,standard_pg,0.95,0.86,1,0.9768362587992575
basin,stag_hunt,standard_pg,0.95,0.905,1,0.9781293311455246
basin,stag_hunt,standard_pg,0.95,0.95,1,0.9828474673626275
basin,stag_hunt,meta_mapg,0.05,0.05,0,0.009579080252098403
basin,stag_hunt,meta_mapg,0.05,0.095,0,0.00964918010926643
basin,stag_hunt,meta_mapg,0.05,0.14,0,0.0094912572819205
basin,stag_hunt,meta_mapg,0.05,0.185,0,0.00951006521270492
basin,stag_hunt,meta_mapg,0.05,0.22999999999999998,0,0.009441220059129271
basin,stag_hunt,meta_mapg,0.05,0.27499999999999997,0,0.009757532827468279
basin,stag_hunt,meta_mapg,0.05,0.32,0,0.009847926786460608
basin,stag_hunt,meta_mapg,0.05,0.365,0,0.009780056372980652
basin,stag_hunt,meta_mapg,0.05,0.41,0,0.00984239955889305
basin,stag_hunt,meta_mapg,0.05,0.45499999999999996,0,0.009737779676221364
basin,stag_hunt,meta_mapg,0.05,0.49999999999999994,0,0.0103734092427093
basin,stag_hunt,meta_mapg,0.05,0.545,0,0.010287796905436096
basin,stag_hunt,meta_mapg,0.05,0.5900000000000001,0,0.009986517462392219
basin,stag_hunt,meta_mapg,0.05,0.635,0,0.010272805171510562
basin,stag_hunt,meta_mapg,0.05,0.68,0,0.010239059303547227
basin,stag_hunt,meta_mapg,0.05,0.725,0,0.010886343704002079
basin,stag_hunt,meta_mapg,0.05,0.77,0,0.010761631277171666
basin,stag_hunt,meta_mapg,0.05,0.8150000000000001,0,0.011037238742274911
basin,stag_hunt,meta_mapg,0.05,0.86,0,0.011288128632893097
basin,stag_hunt,meta_mapg,0.05,0.905,0,0.011899045304096073
basin,stag_hunt,meta_mapg,0.05,0.95,0,0.016434509564986207
basin,stag_hunt,meta_mapg,0.095,0.05,0,0.00933976880139308
basin,stag_hunt,meta_mapg,0.095,0.095,0,0.010384781912759823
basin,stag_hunt,meta_mapg,0.095,0.14,0,0.010353107906729794
basin,stag_hunt,meta_mapg,0.095,0.185,0,0.010988748668336873
basin,stag_hunt,meta_mapg,0.095,0.22999999999999998,0,0.010767100094440433
basin,stag_hunt,meta_mapg,0.095,0.27499999999999997,0,0.011039052800918225
basin,stag_hunt,meta_mapg,0.095,0.32,0,0.010676141500905989
basin,stag_hunt,meta_mapg,0.095,0.365,0,0.011155929236743498
basin,stag_hunt,meta_mapg,0.095,0.41,0,0.010854157602882995
basin,stag_hunt,meta_mapg,0.095,0.45499999999999996,0,0.011416530578897972
basin,stag_hunt,meta_mapg,0.095,0.49999999999999994,0,0.011342689131431459
basin,stag_hunt,meta_mapg,0.095,0.545,0,0.011325185161476629
basin,stag_hunt,meta_mapg,0.095,0.5900000000000001,0,0.011388926605511739
basin,stag_hunt,meta_mapg,0.095,0.635,0,0.011787166384340832
basin,stag_hunt,meta_mapg,0.095,0.68,0,0.011591680618873371
basin,stag_hunt,meta_mapg,0.095,0.725,0,0.011498821570192512
basin,stag_hunt,meta_mapg,0.095,0.77,0,0.012338119775671393
basin,stag_hunt,meta_mapg,0.095,0.8150000000000001,0,0.012662903661783104
basin,stag_hunt,meta_mapg,0.095,0.86,0,0.012974517783410465
basin,stag_hunt,meta_mapg,0.095,0.905,0,0.014630066124540334
basin,stag_hunt,meta_mapg,0.095,0.95,1,0.9517090895748228
basin,stag_hunt,meta_mapg,0.14,0.05,0,0.00943890307885038
basin,stag_hunt,meta_mapg,0.14,0.095,0,0.01059923405531194
basin,stag_hunt,meta_mapg,0.14,0.14,0,0.011066186583637228
basin,stag_hunt,meta_mapg,0.14,0.185,0,0.010908484285542558
basin,stag_hunt,meta_mapg,0.14,0.22999999999999998,0,0.011253959200407395
basin,stag_hunt,meta_mapg,0.14,0.27499999999999997,0,0.011497944397041673
basin,stag_hunt,meta_mapg,0.14,0.32,0,0.011336736561248891
basin,stag_hunt,meta_mapg,0.14,0.365,0,0.01166532522434482
basin,stag_hunt,meta_mapg,0.14,0.41,0,0.011614872120524002
basin,stag_hunt,meta_mapg,0.14,0.45499999999999996,0,0.012244161045192721
basin,stag_hunt,meta_mapg,0.14,0.49999999999999994,0,0.011748072818871785
basin,stag_hunt,meta_mapg,0.14,0.545,0,0.011700288864670423
basin,stag_hunt,meta_mapg,0.14,0.5900000000000001,0,0.011756206589304876
basin,stag_hunt,meta_mapg,0.14,0.635,0,0.012171649798231383
basin,stag_hunt,meta_mapg,0.14,0.68,0,0.012758426390793685
basin,stag_hunt,meta_mapg,0.14,0.725,0,0.013593174412292018
basin,stag_hunt,meta_mapg,0.14,0.77,0,0.01277298056498853
basin,stag_hunt,meta_mapg,0.14,0.8150000000000001,0,0.013896663966299943
basin,stag_hunt,meta_mapg,0.14,0.86,0,0.015735204679949225
basin,stag_hunt,meta_mapg,0.14,0.905,0,0.018428998424463595
basin,stag_hunt,meta_mapg,0.14,0.95,1,0.9644713219246255
basin,stag_hunt,meta_mapg,0.185,0.05,0,0.009839919105818969
basin,stag_hunt,meta_mapg,0.185,0.095,0,0.010852972849297154
basin,stag_hunt,meta_mapg,0.185,0.14,0,0.011162425039975724
basin,stag_hunt,meta_mapg,0.185,0.185,0,0.011862790832775628
basin,stag_hunt,meta_mapg,0.185,0.22999999999999998,0,0.011719272344570706
basin,stag_hunt,meta_mapg,0.185,0.27499999999999997,0,0.01220778071232321
basin,stag_hunt,meta_mapg,0.185,0.32,0,0.012078186526548743
basin,stag_hunt,meta_mapg,0.185,0.365,0,0.012282590831229864
basin,stag_hunt,meta_mapg,0.185,0.41,0,0.011958045462894293
basin,stag_hunt,meta_mapg,0.185,0.45499999999999996,0,0.012115663193546804
basin,stag_hunt,meta_mapg,0.185,0.49999999999999994,0,0.012449237048350176
basin,stag_hunt,meta_mapg,0.185,0.545,0,0.012318136367209288
basin,stag_hunt,meta_mapg,0.185,0.5900000000000001,0,0.0126240141673528
basin,stag_hunt,meta_mapg,0.185,0.635,0,0.012382640905534889
basin,stag_hunt,meta_mapg,0.185,0.68,0,0.013176470853403566
basin,stag_hunt,meta_mapg,0.185,0.725,0,0.013550591642039313
basin,stag_hunt,meta_mapg,0.185,0.77,0,0.013524596852927652
basin,stag_hunt,meta_mapg,0.185,0.8150000000000001,0,0.016174540790821656
basin,stag_hunt,meta_mapg,0.185,0.86,0,0.01792160512078456
basin,stag_hunt,meta_mapg,0.185,0.905,0,0.02802962478449943
basin,stag_hunt,meta_mapg,0.185,0.95,1,0.9665339150736966
basin,stag_hunt,meta_mapg,0.22999999999999998,0.05,0,0.009467236764296678
basin,stag_hunt,meta_mapg,0.22999999999999998,0.095,0,0.010485183636153944
basin,stag_hunt,meta_mapg,0.22999999999999998,0.14,0,0.010972289925525867
basin,stag_hunt,meta_mapg,0.22999999999999998,0.185,0,0.011909300106706938
basin,stag_hunt,meta_mapg,0.22999999999999998,0.22999999999999998,0,0.012183197386328339
basin,stag_hunt,meta_mapg,0.22999999999999998,0.27499999999999997,0,0.012039414757695772
basin,stag_hunt,meta_mapg,0.22999999999999998,0.32,0,0.012218457948009303
basin,stag_hunt,meta_mapg,0.22999999999999998,0.365,0,0.012602723420886261
basin,stag_hunt,meta_mapg,0.22999999999999998,0.41,0,0.012760435809839023
basin,stag_hunt,meta_mapg,0.22999999999999998,0.45499999999999996,0,0.01281256994842298
basin,stag_hunt,meta_mapg,0.22999999999999998,0.49999999999999994,0,0.012814953528030337
basin,stag_hunt,meta_mapg,0.22999999999999998,0.545,0,0.012787240929908336
basin,stag_hunt,meta_mapg,0.22999999999999998,0.5900000000000001,0,0.013455977664372227
basin,stag_hunt,meta_mapg,0.22999999999999998,0.635,0,0.012876329476489194
basin,stag_hunt,meta_mapg,0.22999999999999998,0.68,0,0.013658764814929173
basin,stag_hunt,meta_mapg,0.22999999999999998,0.725,0,0.014246414758549871
basin,stag_hunt,meta_mapg,0.22999999999999998,0.77,0,0.015982945594991728
basin,stag_hunt,meta_mapg,0.22999999999999998,0.8150000000000001,0,0.01608592782619069
basin,stag_hunt,meta_mapg,0.22999999999999998,0.86,0,0.03336944932462984
basin,stag_hunt,meta_mapg,0.22999999999999998,0.905,1,0.9640696304314187
basin,stag_hunt,meta_mapg,0.22999999999999998,0.95,1,0.9673397484914288
basin,stag_hunt,meta_mapg,0.27499999999999997,0.05,0,0.009594226957426124
basin,stag_hunt,meta_mapg,0.27499999999999997,0.095,0,0.010846643787853789
basin,stag_hunt,meta_mapg,0.27499999999999997,0.14,0,0.011568830493758198
basin,stag_hunt,meta_mapg,0.27499999999999997,0.185,0,0.011633592674642696
basin,stag_hunt,meta_mapg,0.27499999999999997,0.22999999999999998,0,0.012050206396388227
basin,stag_hunt,meta_mapg,0.27499999999999997,0.27499999999999997,0,0.01191422676182414
basin,stag_hunt,meta_mapg,0.27499999999999997,0.32,0,0.012515284036023219
basin,stag_hunt,meta_mapg,0.27499999999999997,0.365,0,0.012354449908863231
basin,stag_hunt,meta_mapg,0.27499999999999997,0.41,0,0.012160861205003464
basin,stag_hunt,meta_mapg,0.27499999999999997,0.45499999999999996,0,0.013052847528930935
basin,stag_hunt,meta_mapg,0.27499999999999997,0.49999999999999994,0,0.012988802649271493
basin,stag_hunt,meta_mapg,0.27499999999999997,0.545,0,0.013277303978654046
basin,stag_hunt,meta_mapg,0.27499999999999997,0.5900000000000001,0,0.01437127838339483
basin,stag_hunt,meta_mapg,0.27499999999999997,0.635,0,0.014003834040692541
basin,stag_hunt,meta_mapg,0.27499999999999997,0.68,0,0.017648846468334107
basin,stag_hunt,meta_mapg,0.27499999999999997,0.725,0,0.014580258961618782
basin,stag_hunt,meta_mapg,0.27499999999999997,0.77,0,0.023989534187060808
basin,stag_hunt,meta_mapg,0.27499999999999997,0.8150000000000001,1,0.9610736842149825
basin,stag_hunt,meta_mapg,0.27499999999999997,0.86,1,0.9610181221718556
basin,stag_hunt,meta_mapg,0.27499999999999997,0.905,1,0.9654552344548275
basin,stag_hunt,meta_mapg,0.27499999999999997,0.95,1,0.9696018935189816
basin,stag_hunt,meta_mapg,0.32,0.05,0,0.009995456676127334
basin,stag_hunt,meta_mapg,0.32,0.095,0,0.010658080649492734
basin,stag_hunt,meta_mapg,0.32,0.14,0,0.012028610219450318
basin,stag_hunt,meta_mapg,0.32,0.185,0,0.011664407347912532
basin,stag_hunt,meta_mapg,0.32,0.22999999999999998,0,0.012017050014077142
basin,stag_hunt,meta_mapg,0.32,0.27499999999999997,0,0.01218991435197088
basin,stag_hunt,meta_mapg,0.32,0.32,0,0.012363569980725565
basin,stag_hunt,meta_mapg,0.32,0.365,0,0.01246068327823089
basin,stag_hunt,meta_mapg,0.32,0.41,0,0.012873549474040916
basin,stag_hunt,meta_mapg,0.32,0.45499999999999996,0,0.014153135464979063
basin,stag_hunt,meta_mapg,0.32,0.49999999999999994,0,0.013850490912816395
basin,stag_hunt,meta_mapg,0.32,0.545,0,0.01358165763381088
basin,stag_hunt,meta_mapg,0.32,0.5900000000000001,0,0.013949256190934393
basin,stag_hunt,meta_mapg,0.32,0.635,0,0.014360819198310884
basin,stag_hunt,meta_mapg,0.32,0.68,0,0.014839827201931286
basin,stag_hunt,meta_mapg,0.32,0.725,0,0.014611229670019025
basin,stag_hunt,meta_mapg,0.32,0.77,0,0.017770459068594837
basin,stag_hunt,meta_mapg,0.32,0.8150000000000001,0,0.01697128761527034
basin,stag_hunt,meta_mapg,0.32,0.86,1,0.9637173094920473
basin,stag_hunt,meta_mapg,0.32,0.905,1,0.9706930136538401
basin,stag_hunt,meta_mapg,0.32,0.95,1,0.9722996556567891
basin,stag_hunt,meta_mapg,0.365,0.05,0,0.009817246062731476
basin,stag_hunt,meta_mapg,0.365,0.095,0,0.010825754854469098
basin,stag_hunt,meta_mapg,0.365,0.14,0,0.011281882383382331
basin,stag_hunt,meta_mapg,0.365,0.185,0,0.01182520618095243
basin,stag_hunt,meta_mapg,0.365,0.22999999999999998,0,0.012081267502727666
basin,stag_hunt,meta_mapg,0.365,0.27499999999999997,0,0.012681482454658064
basin,stag_hunt,meta_mapg,0.365,0.32,0,0.01294187133004031
basin,stag_hunt,meta_mapg,0.365,0.365,0,0.013220070383475623
basin,stag_hunt,meta_mapg,0.365,0.41,0,0.012467067048558862
basin,stag_hunt,meta_mapg,0.365,0.45499999999999996,0,0.013591931020208226
basin,stag_hunt,meta_mapg,0.365,0.49999999999999994,0,0.013083154896792027
basin,stag_hunt,meta_mapg,0.365,0.545,0,0.014086662571275005
basin,stag_hunt,meta_mapg,0.365,0.5900000000000001,0,0.015416540762287616
basin,stag_hunt,meta_mapg,0.365,0.635,0,0.01568263489572941
basin,stag_hunt,meta_mapg,0.365,0.68,0,0.015907735400484183
basin,stag_hunt,meta_mapg,0.365,0.725,1,0.9628418696750556
basin,stag_hunt,meta_mapg,0.365,0.77,1,0.9628318061925867
basin,stag_hunt,meta_mapg,0.365,0.8150000000000001,1,0.9620050563268733
basin,stag_hunt,meta_mapg,0.365,0.86,1,0.962096278238436
basin,stag_hunt,meta_mapg,0.365,0.905,1,0.970708449467514
basin,stag_hunt,meta_mapg,0.365,0.95,1,0.9703081857861836
basin,stag_hunt,meta_mapg,0.41,0.05,0,0.010045140620733247
basin,stag_hunt,meta_mapg,0.41,0.095,0,0.010927213361912703
basin,stag_hunt,meta_mapg,0.41,0.14,0,0.01158490830321296
basin,stag_hunt,meta_mapg,0.41,0.185,0,0.011898665256348149
basin,stag_hunt,meta_mapg,0.41,0.22999999999999998,0,0.01232589229141107
basin,stag_hunt,meta_mapg,0.41,0.27499999999999997,0,0.01291652357921062
basin,stag_hunt,meta_mapg,0.41,0.32,0,0.0124501777020637
basin,stag_hunt,meta_mapg,0.41,0.365,0,0.013036280329367364
basin,stag_hunt,meta_mapg,0.41,0.41,0,0.013537985459036077
basin,stag_hunt,meta_mapg,0.41,0.45499999999999996,0,0.013598586947556548
basin,stag_hunt,meta_mapg,0.41,0.49999999999999994,0,0.0159220371693813
basin,stag_hunt,meta_mapg,0.41,0.545,0,0.014727905431973868
basin,stag_hunt,meta_mapg,0.41,0.5900000000000001,0,0.01691584915777537
basin,stag_hunt,meta_mapg,0.41,0.635,0,0.016880693351057924
basin,stag_hunt,meta_mapg,0.41,0.68,1,0.9557054571426676
basin,stag_hunt,meta_mapg,0.41,0.725,1,0.9613211336194547
basin,stag_hunt,meta_mapg,0.41,0.77,1,0.958164198763437
basin,stag_hunt,meta_mapg,0.41,0.8150000000000001,1,0.9704947467193934
basin,stag_hunt,meta_mapg,0.41,0.86,1,0.9675645888153362
basin,stag_hunt,meta_mapg,0.41,0.905,1,0.9707647767594495
basin,stag_hunt,meta_mapg,0.41,0.95,1,0.9707816536301116
basin,stag_hunt,meta_mapg,0.45499999999999996,0.05,0,0.009945571775385268
basin,stag_hunt,meta_mapg,0.45499999999999996,0.095,0,0.011552129783384595
basin,stag_hunt,meta_mapg,0.45499999999999996,0.14,0,0.012061372619882433
basin,stag_hunt,meta_mapg,0.45499999999999996,0.185,0,0.012250927120614584
basin,stag_hunt,meta_mapg,0.45499999999999996,0.22999999999999998,0,0.012157488847542858
basin,stag_hunt,meta_mapg,0.45499999999999996,0.27499999999999997,0,0.01302352818550862
basin,stag_hunt,meta_mapg,0.45499999999999996,0.32,0,0.013342430495525859
basin,stag_hunt,meta_mapg,0.45499999999999996,0.365,0,0.013070146034851796
basin,stag_hunt,meta_mapg,0.45499999999999996,0.41,0,0.014939293816985494
basin,stag_hunt,meta_mapg,0.45499999999999996,0.45499999999999996,1,0.96269990418944
basin,stag_hunt,meta_mapg,0.45499999999999996,0.49999999999999994,0,0.018252307663655754
basin,stag_hunt,meta_mapg,0.45499999999999996,0.545,1,0.9026302881294347
basin,stag_hunt,meta_mapg,0.45499999999999996,0.5900000000000001,0,0.01641076209056132
basin,stag_hunt,meta_mapg,0.45499999999999996,0.635,1,0.9590608607342718
basin,stag_hunt,meta_mapg,0.45499999999999996,0.68,1,0.9660629474920953
basin,stag_hunt,meta_mapg,0.45499999999999996,0.725,1,0.9681203340852548
basin,stag_hunt,meta_mapg,0.45499999999999996,0.77,1,0.9651294578961427
basin,stag_hunt,meta_mapg,0.45499999999999996,0.8150000000000001,1,0.9705271209990195
basin,stag_hunt,meta_mapg,0.45499999999999996,0.86,1,0.9690036771890609
basin,stag_hunt,meta_mapg,0.45499999999999996,0.905,1,0.9702266007872488
basin,stag_hunt,meta_mapg,0.45499999999999996,0.95,1,0.9727487032470891
basin,stag_hunt,meta_mapg,0.49999999999999994,0.05,0,0.009783431496201905
basin,stag_hunt,meta_mapg,0.49999999999999994,0.095,0,0.011364033548048564
basin,stag_hunt,meta_mapg,0.49999999999999994,0.14,0,0.011577286312666128
basin,stag_hunt,meta_mapg,0.49999999999999994,0.185,0,0.011934082180853189
basin,stag_hunt,meta_mapg,0.49999999999999994,0.22999999999999998,0,0.012860100622604231
basin,stag_hunt,meta_mapg,0.49999999999999994,0.27499999999999997,0,0.01294776003997828
basin,stag_hunt,meta_mapg,0.49999999999999994,0.32,0,0.013735975109028407
basin,stag_hunt,meta_mapg,0.49999999999999994,0.365,0,0.014816348642855737
basin,stag_hunt,meta_mapg,0.49999999999999994,0.41,0,0.014554202741217935
basin,stag_hunt,meta_mapg,0.49999999999999994,0.45499999999999996,1,0.9435163675946384
basin,stag_hunt,meta_mapg,0.49999999999999994,0.49999999999999994,0,0.01506387991590493
basin,stag_hunt,meta_mapg,0.49999999999999994,0.545,1,0.9484077732309656
basin,stag_hunt,meta_mapg,0.49999999999999994,0.5900000000000001,1,0.9567658443640599
basin,stag_hunt,meta_mapg,0.49999999999999994,0.635,1,0.9610588148691172
basin,stag_hunt,meta_mapg,0.49999999999999994,0.68,1,0.9680163684409061
basin,stag_hunt,meta_mapg,0.49999999999999994,0.725,1,0.9539866213268264
basin,stag_hunt,meta_mapg,0.49999999999999994,0.77,1,0.9689631030487665
basin,stag_hunt,meta_mapg,0.49999999999999994,0.8150000000000001,1,0.9674293170598718
basin,stag_hunt,meta_mapg,0.49999999999999994,0.86,1,0.9668635151863726
basin,stag_hunt,meta_mapg,0.49999999999999994,0.905,1,0.9642946733455268
basin,stag_hunt,meta_mapg,0.49999999999999994,0.95,1,0.9664501103153069
basin,stag_hunt,meta_mapg,0.545,0.05,0,0.009897199608497487
basin,stag_hunt,meta_mapg,0.545,0.095,0,0.011284401987835903
basin,stag_hunt,meta_mapg,0.545,0.14,0,0.012031579622448456
basin,stag_hunt,meta_mapg,0.545,0.185,0,0.012903217440699949
basin,stag_hunt,meta_mapg,0.545,0.22999999999999998,0,0.013171097011650246
basin,stag_hunt,meta_mapg,0.545,0.27499999999999997,0,0.01320527973724405
basin,stag_hunt,meta_mapg,0.545,0.32,0,0.013200191408352248
basin,stag_hunt,meta_mapg,0.545,0.365,0,0.01321837682903633
basin,stag_hunt,meta_mapg,0.545,0.41,0,0.01569324087279094
basin,stag_hunt,meta_mapg,0.545,0.45499999999999996,0,0.016783449165626955
basin,stag_hunt,meta_mapg,0.545,0.49999999999999994,0,0.015664988194413604
basin,stag_hunt,meta_mapg,0.545,0.545,0,0.0205210357730652
basin,stag_hunt,meta_mapg,0.545,0.5900000000000001,1,0.9620273244666846
basin,stag_hunt,meta_mapg,0.545,0.635,1,0.9642619845046674
basin,stag_hunt,meta_mapg,0.545,0.68,1,0.9656257237192541
basin,stag_hunt,meta_mapg,0.545,0.725,1,0.9653968850298937
basin,stag_hunt,meta_mapg,0.545,0.77,1,0.9684114632237276
basin,stag_hunt,meta_mapg,0.545,0.8150000000000001,1,0.9684872859342978
basin,stag_hunt,meta_mapg,0.545,0.86,1,0.9683126785737515
basin,stag_hunt,meta_mapg,0.545,0.905,1,0.9733152575106441
basin,stag_hunt,meta_mapg,0.545,0.95,1,0.9744586200930012
basin,stag_hunt,meta_mapg,0.5900000000000001,0.05,0,0.009869471632099572
basin,stag_hunt,meta_mapg,0.5900000000000001,0.095,0,0.011514623800493739
basin,stag_hunt,meta_mapg,0.5900000000000001,0.14,0,0.01221691553598919
basin,stag_hunt,meta_mapg,0.5900000000000001,0.185,0,0.01276640469683916
basin,stag_hunt,meta_mapg,0.5900000000000001,0.22999999999999998,0,0.013053181082925195
basin,stag_hunt,meta_mapg,0.5900000000000001,0.27499999999999997,0,0.013313899494332317
basin,stag_hunt,meta_mapg,0.5900000000000001,0.32,0,0.013514872222574914
basin,stag_hunt,meta_mapg,0.5900000000000001,0.365,0,0.014555390697102426
basin,stag_hunt,meta_mapg,0.5900000000000001,0.41,0,0.019590418925152866
basin,stag_hunt,meta_mapg,0.5900000000000001,0.45499999999999996,0,0.016482430340659802
basin,stag_hunt,meta_mapg,0.5900000000000001,0.49999999999999994,1,0.9613215138276595
basin,stag_hunt,meta_mapg,0.5900000000000001,0.545,1,0.960099822846769
basin,stag_hunt,meta_mapg,0.5900000000000001,0.5900000000000001,1,0.9657673817975934
basin,stag_hunt,meta_mapg,0.5900000000000001,0.635,1,0.961189962336214
basin,stag_hunt,meta_mapg,0.5900000000000001,0.68,1,0.9685795091568867
basin,stag_hunt,meta_mapg,0.5900000000000001,0.725,1,0.9675124714246727
basin,stag_hunt,meta_mapg,0.5900000000000001,0.77,1,0.969753979511996
basin,stag_hunt,meta_mapg,0.5900000000000001,0.8150000000000001,1,0.9703220262369985
basin,stag_hunt,meta_mapg,0.5900000000000001,0.86,1,0.971444418697774
basin,stag_hunt,meta_mapg,0.5900000000000001,0.905,1,0.9677022248928359
basin,stag_hunt,meta_mapg,0.5900000000000001,0.95,1,0.9731722392095654
basin,stag_hunt,meta_mapg,0.635,0.05,0,0.009983032492126225
basin,stag_hunt,meta_mapg,0.635,0.095,0,0.011501460235025148
basin,stag_hunt,meta_mapg,0.635,0.14,0,0.012087752958635994
basin,stag_hunt,meta_mapg,0.635,0.185,0,0.012634960815677948
basin,stag_hunt,meta_mapg,0.635,0.22999999999999998,0,0.013178189269213506
basin,stag_hunt,meta_mapg,0.635,0.27499999999999997,0,0.01506087304891395
basin,stag_hunt,meta_mapg,0.635,0.32,0,0.014637174943966895
basin,stag_hunt,meta_mapg,0.635,0.365,0,0.02177524296413996
basin,stag_hunt,meta_mapg,0.635,0.41,0,0.015445324745182508
basin,stag_hunt,meta_mapg,0.635,0.45499999999999996,1,0.961826883123209
basin,stag_hunt,meta_mapg,0.635,0.49999999999999994,1,0.9675853091814836
basin,stag_hunt,meta_mapg,0.635,0.545,1,0.9640587178699205
basin,stag_hunt,meta_mapg,0.635,0.5900000000000001,1,0.965250997916121
basin,stag_hunt,meta_mapg,0.635,0.635,1,0.9660080599316414
basin,stag_hunt,meta_mapg,0.635,0.68,1,0.9679490698419377
basin,stag_hunt,meta_mapg,0.635,0.725,1,0.9708194645938617
basin,stag_hunt,meta_mapg,0.635,0.77,1,0.9681197839172795
basin,stag_hunt,meta_mapg,0.635,0.8150000000000001,1,0.9683783697786865
basin,stag_hunt,meta_mapg,0.635,0.86,1,0.9711590042748283
basin,stag_hunt,meta_mapg,0.635,0.905,1,0.9744618056101253
basin,stag_hunt,meta_mapg,0.635,0.95,1,0.9766526704748938
basin,stag_hunt,meta_mapg,0.68,0.05,0,0.01028709501369501
basin,stag_hunt,meta_mapg,0.68,0.095,0,0.011742644612841647
basin,stag_hunt,meta_mapg,0.68,0.14,0,0.012239953377306108
basin,stag_hunt,meta_mapg,0.68,0.185,0,0.013389508435369355
basin,stag_hunt,meta_mapg,0.68,0.22999999999999998,0,0.013598460927928534
basin,stag_hunt,meta_mapg,0.68,0.27499999999999997,0,0.014891484005445434
basin,stag_hunt,meta_mapg,0.68,0.32,1,0.9397299426964424
basin,stag_hunt,meta_mapg,0.68,0.365,1,0.9424823213121888
basin,stag_hunt,meta_mapg,0.68,0.41,1,0.9625760426101662
basin,stag_hunt,meta_mapg,0.68,0.45499999999999996,1,0.959203158549634
basin,stag_hunt,meta_mapg,0.68,0.49999999999999994,1,0.9565974338399374
basin,stag_hunt,meta_mapg,0.68,0.545,1,0.9652478894692209
basin,stag_hunt,meta_mapg,0.68,0.5900000000000001,1,0.9698226484873212
basin,stag_hunt,meta_mapg,0.68,0.635,1,0.9712308147974836
basin,stag_hunt,meta_mapg,0.68,0.68,1,0.966847825607342
basin,stag_hunt,meta_mapg,0.68,0.725,1,0.9703365130355546
basin,stag_hunt,meta_mapg,0.68,0.77,1,0.9708464387038761
basin,stag_hunt,meta_mapg,0.68,0.8150000000000001,1,0.9724684351844595
basin,stag_hunt,meta_mapg,0.68,0.86,1,0.9736868767258253
basin,stag_hunt,meta_mapg,0.68,0.905,1,0.9765924871047017
basin,stag_hunt,meta_mapg,0.68,0.95,1,0.973721916915148
basin,stag_hunt,meta_mapg,0.725,0.05,0,0.010413851077064598
basin,stag_hunt,meta_mapg,0.725,0.095,0,0.011943607492019823
basin,stag_hunt,meta_mapg,0.725,0.14,0,0.012326510559660104
basin,stag_hunt,meta_mapg,0.725,0.185,0,0.01402277328620206
basin,stag_hunt,meta_mapg,0.725,0.22999999999999998,0,0.013478220888939787
basin,stag_hunt,meta_mapg,0.725,0.27499999999999997,0,0.014504780447152525
basin,stag_hunt,meta_mapg,0.725,0.32,0,0.01704642157944376
basin,stag_hunt,meta_mapg,0.725,0.365,0,0.016449017487304478
basin,stag_hunt,meta_mapg,0.725,0.41,1,0.9607616973140437
basin,stag_hunt,meta_mapg,0.725,0.45499999999999996,1,0.96528399386754
basin,stag_hunt,meta_mapg,0.725,0.49999999999999994,1,0.9684616815038966
basin,stag_hunt,meta_mapg,0.725,0.545,1,0.9659337725560477
basin,stag_hunt,meta_mapg,0.725,0.5900000000000001,1,0.9687528264767044
basin,stag_hunt,meta_mapg,0.725,0.635,1,0.9686850109883387
basin,stag_hunt,meta_mapg,0.725,0.68,1,0.9746945151013616
basin,stag_hunt,meta_mapg,0.725,0.725,1,0.9687732885729685
basin,stag_hunt,meta_mapg,0.725,0.77,1,0.9681808655837086
basin,stag_hunt,meta_mapg,0.725,0.8150000000000001,1,0.9698092997179466
basin,stag_hunt,meta_mapg,0.725,0.86,1,0.9706257518391058
basin,stag_hunt,meta_mapg,0.725,0.905,1,0.9724333110202174
basin,stag_hunt,meta_mapg,0.725,0.95,1,0.9770105451347063
basin,stag_hunt,meta_mapg,0.77,0.05,0,0.010578801327870351
basin,stag_hunt,meta_mapg,0.77,0.095,0,0.012152987944873314
basin,stag_hunt,meta_mapg,0.77,0.14,0,0.0131241725610334
basin,stag_hunt,meta_mapg,0.77,0.185,0,0.01562594546540754
basin,stag_hunt,meta_mapg,0.77,0.22999999999999998,0,0.0151537564852116
basin,stag_hunt,meta_mapg,0.77,0.27499999999999997,1,0.9598723299418642
basin,stag_hunt,meta_mapg,0.77,0.32,0,0.01589021606654285
basin,stag_hunt,meta_mapg,0.77,0.365,1,0.9635153249003022
basin,stag_hunt,meta_mapg,0.77,0.41,1,0.9645454207482953
basin,stag_hunt,meta_mapg,0.77,0.45499999999999996,1,0.9625599067389298
basin,stag_hunt,meta_mapg,0.77,0.49999999999999994,1,0.9634462110807904
basin,stag_hunt,meta_mapg,0.77,0.545,1,0.9648832545172826
basin,stag_hunt,meta_mapg,0.77,0.5900000000000001,1,0.9718171948583705
basin,stag_hunt,meta_mapg,0.77,0.635,1,0.9692255867153554
basin,stag_hunt,meta_mapg,0.77,0.68,1,0.9706272738580658
basin,stag_hunt,meta_mapg,0.77,0.725,1,0.9621682531157841
basin,stag_hunt,meta_mapg,0.77,0.77,1,0.9743586462094757
basin,stag_hunt,meta_mapg,0.77,0.8150000000000001,1,0.9741483867167333
basin,stag_hunt,meta_mapg,0.77,0.86,1,0.9762874736501039
basin,stag_hunt,meta_mapg,0.77,0.905,1,0.9752238148157961
basin,stag_hunt,meta_mapg,0.77,0.95,1,0.9704862218647422
basin,stag_hunt,meta_mapg,0.8150000000000001,0.05,0,0.011611769305476862
basin,stag_hunt,meta_mapg,0.8150000000000001,0.095,0,0.012142881282320255
basin,stag_hunt,meta_mapg,0.8150000000000001,0.14,0,0.013073309215382637
basin,stag_hunt,meta_mapg,0.8150000000000001,0.185,0,0.015260357757809265
basin,stag_hunt,meta_mapg,0.8150000000000001,0.22999999999999998,0,0.018656646385293987
basin,stag_hunt,meta_mapg,0.8150000000000001,0.27499999999999997,0,0.01819815150770308
basin,stag_hunt,meta_mapg,0.8150000000000001,0.32,0,0.022514361880288627
basin,stag_hunt,meta_mapg,0.8150000000000001,0.365,1,0.9650079628794095
basin,stag_hunt,meta_mapg,0.8150000000000001,0.41,1,0.9683415397007048
basin,stag_hunt,meta_mapg,0.8150000000000001,0.45499999999999996,1,0.9579981906662898
basin,stag_hunt,meta_mapg,0.8150000000000001,0.49999999999999994,1,0.9697067424939158
basin,stag_hunt,meta_mapg,0.8150000000000001,0.545,1,0.9675459327460804
basin,stag_hunt,meta_mapg,0.8150000000000001,0.5900000000000001,1,0.9667533993640672
basin,stag_hunt,meta_mapg,0.8150000000000001,0.635,1,0.9745070426671644
basin,stag_hunt,meta_mapg,0.8150000000000001,0.68,1,0.9737884504568591
basin,stag_hunt,meta_mapg,0.8150000000000001,0.725,1,0.9760583548208381
basin,stag_hunt,meta_mapg,0.8150000000000001,0.77,1,0.9745732407550776
basin,stag_hunt,meta_mapg,0.8150000000000001,0.8150000000000001,1,0.9741929433007184
basin,stag_hunt,meta_mapg,0.8150000000000001,0.86,1,0.9738921169195028
basin,stag_hunt,meta_mapg,0.8150000000000001,0.905,1,0.9769446094426807
basin,stag_hunt,meta_mapg,0.8150000000000001,0.95,1,0.9758690867283459
basin,stag_hunt,meta_mapg,0.86,0.05,0,0.011341231809065261
basin,stag_hunt,meta_mapg,0.86,0.095,0,0.012301168894056094
basin,stag_hunt,meta_mapg,0.86,0.14,0,0.014591398991031745
basin,stag_hunt,meta_mapg,0.86,0.185,0,0.019353982145170586
basin,stag_hunt,meta_mapg,0.86,0.22999999999999998,0,0.017196248474245373
basin,stag_hunt,meta_mapg,0.86,0.27499999999999997,1,0.9588150987370496
basin,stag_hunt,meta_mapg,0.86,0.32,1,0.9541880822627574
basin,stag_hunt,meta_mapg,0.86,0.365,1,0.9707046122854168
basin,stag_hunt,meta_mapg,0.86,0.41,1,0.970363840018696
basin,stag_hunt,meta_mapg,0.86,0.45499999999999996,1,0.9668073721503323
basin,stag_hunt,meta_mapg,0.86,0.49999999999999994,1,0.9664398866541145
basin,stag_hunt,meta_mapg,0.86,0.545,1,0.9735837057789262
basin,stag_hunt,meta_mapg,0.86,0.5900000000000001,1,0.9714400465109978
basin,stag_hunt,meta_mapg,0.86,0.635,1,0.970076591739815
basin,stag_hunt,meta_mapg,0.86,0.68,1,0.9767521222742664
basin,stag_hunt,meta_mapg,0.86,0.725,1,0.9745543222862925
basin,stag_hunt,meta_mapg,0.86,0.77,1,0.9735318765098993
basin,stag_hunt,meta_mapg,0.86,0.8150000000000001,1,0.9736525746597887
basin,stag_hunt,meta_mapg,0.86,0.86,1,0.9766210461734162
basin,stag_hunt,meta_mapg,0.86,0.905,1,0.9777376834853679
basin,stag_hunt,meta_mapg,0.86,0.95,1,0.9789391661758047
basin,stag_hunt,meta_mapg,0.905,0.05,0,0.012154916603451376
basin,stag_hunt,meta_mapg,0.905,0.095,0,0.015121528707786897
basin,stag_hunt,meta_mapg,0.905,0.14,0,0.017971261671152816
basin,stag_hunt,meta_mapg,0.905,0.185,1,0.9588017701981704
basin,stag_hunt,meta_mapg,0.905,0.22999999999999998,1,0.9489792364008232
basin,stag_hunt,meta_mapg,0.905,0.27499999999999997,1,0.9610241361798529
basin,stag_hunt,meta_mapg,0.905,0.32,1,0.965471329735333
basin,stag_hunt,meta_mapg,0.905,0.365,1,0.9693183905964202
basin,stag_hunt,meta_mapg,0.905,0.41,1,0.9680720781458804
basin,stag_hunt,meta_mapg,0.905,0.45499999999999996,1,0.969978893424161
basin,stag_hunt,meta_mapg,0.905,0.49999999999999994,1,0.9725962425877339
basin,stag_hunt,meta_mapg,0.905,0.545,1,0.9708143647832697
basin,stag_hunt,meta_mapg,0.905,0.5900000000000001,1,0.9703339658352178
basin,stag_hunt,meta_mapg,0.905,0.635,1,0.9733494229480243
basin,stag_hunt,meta_mapg,0.905,0.68,1,0.9773415844631389
basin,stag_hunt,meta_mapg,0.905,0.725,1,0.9736777489062541
basin,stag_hunt,meta_mapg,0.905,0.77,1,0.9742051087134218
basin,stag_hunt,meta_mapg,0.905,0.8150000000000001,1,0.9759073986857683
basin,stag_hunt,meta_mapg,0.905,0.86,1,0.9790659677611193
basin,stag_hunt,meta_mapg,0.905,0.905,1,0.9769523723229598
basin,stag_hunt,meta_mapg,0.905,0.95,1,0.9785464682252298
basin,stag_hunt,meta_mapg,0.95,0.05,0,0.014290295247388198
basin,stag_hunt,meta_mapg,0.95,0.095,0,0.01727333853273534
basin,stag_hunt,meta_mapg,0.95,0.14,1,0.9557014916855646
basin,stag_hunt,meta_mapg,0.95,0.185,1,0.9656716719536694
basin,stag_hunt,meta_mapg,0.95,0.22999999999999998,1,0.9624855419160361
basin,stag_hunt,meta_mapg,0.95,0.27499999999999997,1,0.97039511686151
basin,stag_hunt,meta_mapg,0.95,0.32,1,0.9750700783133637
basin,stag_hunt,meta_mapg,0.95,0.365,1,0.9699576394246715
basin,stag_hunt,meta_mapg,0.95,0.41,1,0.9721445157655949
basin,stag_hunt,meta_mapg,0.95,0.45499999999999996,1,0.9680478838293533
basin,stag_hunt,meta_mapg,0.95,0.49999999999999994,1,0.9740434571437286
basin,stag_hunt,meta_mapg,0.95,0.545,1,0.970688632258294
basin,stag_hunt,meta_mapg,0.95,0.5900000000000001,1,0.9711740531361319
basin,stag_hunt,meta_mapg,0.95,0.635,1,0.974760799542738
basin,stag_hunt,meta_mapg,0.95,0.68,1,0.9707239180024201
basin,stag_hunt,meta_mapg,0.95,0.725,1,0.9728872841894883
basin,stag_hunt,meta_mapg,0.95,0.77,1,0.9760778269307712
basin,stag_hunt,meta_mapg,0.95,0.8150000000000001,1,0.9746791366654789
basin,stag_hunt,meta_mapg,0.95,0.86,1,0.9792967499340334
basin,stag_hunt,meta_mapg,0.95,0.905,1,0.9806762330573222
basin,stag_hunt,meta_mapg,0.95,0.95,1,0.982826880696271
